record_id,commitment_id,business_risk_id,account_id,account_name,project_name,product_id,product_name,product_family_id,unit,currency,ordered_qty,available_qty,allocated_qty,shortage_qty,unit_price,order_value,unfilled_value,priority,committed_date,constraint_id,cluster_id,approval_required,anchor,source_type,synthetic,allocation_status,allocation_rank,inventory_position_id,milestone_name,milestone_date,project_site,substitution_allowed,substitute_product_id,qualification_status,inbound_delivery_id,inbound_qty,inbound_date,inbound_confirmed,planned_inbound_qty,after_inbound_shortage_qty,inbound_meets_commitment,owner,approval_owner,supply_owner,qualification_owner,informal_promise_conflict,as_of_date,demand_signal_id,campaign_id,campaign_demand_qty,campaign_confirmed,campaign_allocation_eligible,profile_id,consent_id,consent_status
REC-CON-0001,COMMIT-CON-0001,RISK-CON-0001,ACC-CON-001,Synthetic Alder School Builders,Synthetic Alder School Renovation,PROD-CON-01,Synthetic Wall Insulation A,FAMILY-INSULATION,m2,EUR,800,1200,800,0,20,16000,0,contractual,2026-10-05,CONSTRAINT-CON-01,POOL-CON-01,true,true,synthetic,true,proposal,1,INV-CON-01,Insulation installation,2026-10-06,Synthetic Project Site 0001,false,,not_requested,,0,,false,0,0,false,account.owner.001@example.com,sales.manager@example.com,supply.planner@example.com,qualification.reviewer@example.com,false,2026-10-02,DEMAND-CON-001,CAMPAIGN-CON-001,300,false,false,PROFILE-CON-001,CONSENT-CON-001,granted
REC-CON-0002,COMMIT-CON-0002,RISK-CON-0002,ACC-CON-002,Synthetic Birch Apartment Contractors,Synthetic Birch Apartments,PROD-CON-01,Synthetic Wall Insulation A,FAMILY-INSULATION,m2,EUR,600,1200,400,200,20,12000,4000,strategic,2026-10-09,CONSTRAINT-CON-01,POOL-CON-01,true,true,synthetic,true,proposal,2,INV-CON-01,Internal fit-out,2026-10-10,Synthetic Project Site 0002,false,,not_requested,,0,,false,0,200,false,account.owner.002@example.com,sales.manager@example.com,supply.planner@example.com,qualification.reviewer@example.com,false,2026-10-02,DEMAND-CON-002,CAMPAIGN-CON-002,70,false,false,PROFILE-CON-002,CONSENT-CON-002,granted
REC-CON-0003,COMMIT-CON-0003,RISK-CON-0003,ACC-CON-003,Synthetic Cedar Office Refurbishers,Synthetic Cedar Office Refurbishment,PROD-CON-01,Synthetic Wall Insulation A,FAMILY-INSULATION,m2,EUR,400,1200,0,400,20,8000,8000,standard,2026-10-16,CONSTRAINT-CON-01,POOL-CON-01,true,true,synthetic,true,proposal,3,INV-CON-01,Office reopening preparation,2026-10-17,Synthetic Project Site 0003,false,,not_requested,,0,,false,0,400,false,account.owner.003@example.com,sales.manager@example.com,supply.planner@example.com,qualification.reviewer@example.com,true,2026-10-02,DEMAND-CON-003,CAMPAIGN-CON-003,80,false,false,PROFILE-CON-003,CONSENT-CON-003,granted
REC-CON-0004,COMMIT-CON-0004,RISK-CON-0004,ACC-CON-004,Synthetic Dune Civic Builders,Synthetic Dune Community Hall,PROD-CON-05,Synthetic Interior Board A,FAMILY-PLASTERBOARD,m2,EUR,500,750,500,0,12,6000,0,contractual,2026-10-06,CONSTRAINT-CON-05,POOL-CON-05,true,true,synthetic,true,proposal,1,INV-CON-05,Partition installation,2026-10-07,Synthetic Project Site 0004,false,,not_requested,,0,,false,0,0,false,account.owner.004@example.com,sales.manager@example.com,supply.planner@example.com,qualification.reviewer@example.com,false,2026-10-02,DEMAND-CON-004,CAMPAIGN-CON-004,90,false,false,PROFILE-CON-004,CONSENT-CON-004,granted
REC-CON-0005,COMMIT-CON-0005,RISK-CON-0005,ACC-CON-005,Synthetic Elm Housing Contractors,Synthetic Elm Apartments,PROD-CON-05,Synthetic Interior Board A,FAMILY-PLASTERBOARD,m2,EUR,400,750,250,150,12,4800,1800,strategic,2026-10-10,CONSTRAINT-CON-05,POOL-CON-05,true,true,synthetic,true,proposal,2,INV-CON-05,Room partitions,2026-10-11,Synthetic Project Site 0005,true,PROD-CON-06,human_review_required,,0,,false,0,150,false,account.owner.005@example.com,sales.manager@example.com,supply.planner@example.com,qualification.reviewer@example.com,false,2026-10-02,DEMAND-CON-005,CAMPAIGN-CON-005,100,false,false,PROFILE-CON-005,CONSENT-CON-005,granted
REC-CON-0006,COMMIT-CON-0006,RISK-CON-0006,ACC-CON-006,Synthetic Fern Workplace Builders,Synthetic Fern Office Refurbishment,PROD-CON-05,Synthetic Interior Board A,FAMILY-PLASTERBOARD,m2,EUR,300,750,0,300,12,3600,3600,standard,2026-10-14,CONSTRAINT-CON-05,POOL-CON-05,true,true,synthetic,true,proposal,3,INV-CON-05,Interior fit-out,2026-10-15,Synthetic Project Site 0006,true,PROD-CON-06,human_review_required,,0,,false,0,300,false,account.owner.006@example.com,sales.manager@example.com,supply.planner@example.com,qualification.reviewer@example.com,false,2026-10-02,DEMAND-CON-006,CAMPAIGN-CON-006,110,false,false,PROFILE-CON-006,CONSENT-CON-006,granted
REC-CON-0007,COMMIT-CON-0007,RISK-CON-0007,ACC-CON-007,Synthetic Grove School Contractors,Synthetic Grove School Renovation,PROD-CON-09,Synthetic Window Assembly A,FAMILY-WINDOWS,unit,EUR,30,40,30,0,400,12000,0,contractual,2026-10-06,CONSTRAINT-CON-09,POOL-CON-09,true,true,synthetic,true,proposal,1,INV-CON-09,Window installation,2026-10-07,Synthetic Project Site 0007,false,,not_requested,INBOUND-CON-09,35,2026-10-12,true,0,0,false,account.owner.007@example.com,sales.manager@example.com,supply.planner@example.com,qualification.reviewer@example.com,false,2026-10-02,DEMAND-CON-007,CAMPAIGN-CON-007,12,false,false,PROFILE-CON-007,CONSENT-CON-007,granted
REC-CON-0008,COMMIT-CON-0008,RISK-CON-0008,ACC-CON-008,Synthetic Harbor Residential Builders,Synthetic Harbor Apartments,PROD-CON-09,Synthetic Window Assembly A,FAMILY-WINDOWS,unit,EUR,25,40,10,15,400,10000,6000,strategic,2026-10-10,CONSTRAINT-CON-09,POOL-CON-09,true,true,synthetic,true,proposal,2,INV-CON-09,Window installation,2026-10-11,Synthetic Project Site 0008,false,,not_requested,INBOUND-CON-09,35,2026-10-12,true,15,0,false,account.owner.008@example.com,sales.manager@example.com,supply.planner@example.com,qualification.reviewer@example.com,false,2026-10-02,DEMAND-CON-008,CAMPAIGN-CON-008,13,false,false,PROFILE-CON-008,CONSENT-CON-008,granted
REC-CON-0009,COMMIT-CON-0009,RISK-CON-0009,ACC-CON-009,Synthetic Iris Office Contractors,Synthetic Iris Office Refurbishment,PROD-CON-09,Synthetic Window Assembly A,FAMILY-WINDOWS,unit,EUR,20,40,0,20,400,8000,8000,standard,2026-10-14,CONSTRAINT-CON-09,POOL-CON-09,true,true,synthetic,true,proposal,3,INV-CON-09,Window installation,2026-10-15,Synthetic Project Site 0009,false,,not_requested,INBOUND-CON-09,35,2026-10-12,true,20,0,true,account.owner.009@example.com,sales.manager@example.com,supply.planner@example.com,qualification.reviewer@example.com,false,2026-10-02,DEMAND-CON-009,CAMPAIGN-CON-009,14,false,false,PROFILE-CON-009,CONSENT-CON-009,granted
REC-CON-0010,COMMIT-CON-0010,RISK-CON-0010,ACC-CON-010,Synthetic Juniper Learning Builders,Synthetic Juniper School Loft,PROD-CON-02,Synthetic Loft Insulation B,FAMILY-INSULATION,m2,EUR,350,500,350,0,18,6300,0,contractual,2026-10-07,CONSTRAINT-CON-02,POOL-CON-02,true,true,synthetic,true,proposal,1,INV-CON-02,Loft installation,2026-10-08,Synthetic Project Site 0010,false,,not_requested,,0,,false,0,0,false,account.owner.010@example.com,sales.manager@example.com,supply.planner@example.com,qualification.reviewer@example.com,false,2026-10-02,DEMAND-CON-010,CAMPAIGN-CON-010,50,false,false,PROFILE-CON-010,CONSENT-CON-010,denied
REC-CON-0011,COMMIT-CON-0011,RISK-CON-0011,ACC-CON-011,Synthetic Kite Apartment Contractors,Synthetic Kite Apartments,PROD-CON-02,Synthetic Loft Insulation B,FAMILY-INSULATION,m2,EUR,250,500,150,100,18,4500,1800,strategic,2026-10-11,CONSTRAINT-CON-02,POOL-CON-02,true,true,synthetic,true,proposal,2,INV-CON-02,Loft installation,2026-10-12,Synthetic Project Site 0011,false,,not_requested,,0,,false,0,100,false,account.owner.011@example.com,sales.manager@example.com,supply.planner@example.com,qualification.reviewer@example.com,false,2026-10-02,DEMAND-CON-011,CAMPAIGN-CON-011,60,false,false,PROFILE-CON-011,CONSENT-CON-011,granted
REC-CON-0012,COMMIT-CON-0012,RISK-CON-0012,ACC-CON-012,Synthetic Linden Office Builders,Synthetic Linden Office Loft,PROD-CON-02,Synthetic Loft Insulation B,FAMILY-INSULATION,m2,EUR,200,500,0,200,18,3600,3600,standard,2026-10-18,CONSTRAINT-CON-02,POOL-CON-02,true,true,synthetic,true,proposal,3,INV-CON-02,Loft installation,2026-10-19,Synthetic Project Site 0012,false,,not_requested,,0,,false,0,200,false,account.owner.012@example.com,sales.manager@example.com,supply.planner@example.com,qualification.reviewer@example.com,false,2026-10-02,DEMAND-CON-012,CAMPAIGN-CON-012,70,false,false,PROFILE-CON-012,CONSENT-CON-012,granted
REC-CON-0013,COMMIT-CON-0013,RISK-CON-0013,ACC-CON-013,Synthetic Construction Partner 013,Synthetic Apartments 013,PROD-CON-03,Synthetic Floor Insulation C,FAMILY-INSULATION,m2,EUR,500,5115,500,0,24,12000,0,contractual,2026-10-11,CONSTRAINT-CON-03,POOL-CON-03,true,false,synthetic,true,proposal,3,INV-CON-03,Material installation,2026-10-12,Synthetic Project Site 0013,false,,not_requested,,0,,false,0,0,false,account.owner.013@example.com,sales.manager@example.com,supply.planner@example.com,qualification.reviewer@example.com,false,2026-10-02,DEMAND-CON-013,CAMPAIGN-CON-013,80,false,false,PROFILE-CON-013,CONSENT-CON-013,granted
REC-CON-0014,COMMIT-CON-0014,RISK-CON-0014,ACC-CON-014,Synthetic Construction Partner 014,Synthetic Office Refurbishment 014,PROD-CON-04,Synthetic Roof Insulation D,FAMILY-INSULATION,m2,EUR,270,4998,270,0,28,7560,0,contractual,2026-10-15,CONSTRAINT-CON-04,POOL-CON-04,true,false,synthetic,true,proposal,1,INV-CON-04,Material installation,2026-10-16,Synthetic Project Site 0014,false,,not_requested,,0,,false,0,0,false,account.owner.014@example.com,sales.manager@example.com,supply.planner@example.com,qualification.reviewer@example.com,false,2026-10-02,DEMAND-CON-014,CAMPAIGN-CON-014,90,false,false,PROFILE-CON-014,CONSENT-CON-014,granted
REC-CON-0015,COMMIT-CON-0015,RISK-CON-0015,ACC-CON-015,Synthetic Construction Partner 015,Synthetic School Renovation 015,PROD-CON-06,Synthetic Interior Board B,FAMILY-PLASTERBOARD,m2,EUR,180,4030,180,0,14,2520,0,contractual,2026-10-31,CONSTRAINT-CON-06,POOL-CON-06,true,false,synthetic,true,proposal,7,INV-CON-06,Material installation,2026-11-01,Synthetic Project Site 0015,false,,not_requested,,0,,false,0,0,false,account.owner.015@example.com,sales.manager@example.com,supply.planner@example.com,qualification.reviewer@example.com,false,2026-10-02,DEMAND-CON-015,CAMPAIGN-CON-015,100,false,false,PROFILE-CON-015,CONSENT-CON-015,granted
REC-CON-0016,COMMIT-CON-0016,RISK-CON-0016,ACC-CON-016,Synthetic Construction Partner 016,Synthetic Apartments 016,PROD-CON-07,Synthetic Ceiling Board C,FAMILY-PLASTERBOARD,m2,EUR,440,5258,440,0,16,7040,0,standard,2026-10-10,CONSTRAINT-CON-07,POOL-CON-07,true,false,synthetic,true,proposal,17,INV-CON-07,Material installation,2026-10-11,Synthetic Project Site 0016,false,,not_requested,,0,,false,0,0,false,account.owner.016@example.com,sales.manager@example.com,supply.planner@example.com,qualification.reviewer@example.com,false,2026-10-02,DEMAND-CON-016,CAMPAIGN-CON-016,110,false,false,PROFILE-CON-016,CONSENT-CON-016,granted
REC-CON-0017,COMMIT-CON-0017,RISK-CON-0017,ACC-CON-017,Synthetic Construction Partner 017,Synthetic Office Refurbishment 017,PROD-CON-08,Synthetic Partition Board D,FAMILY-PLASTERBOARD,m2,EUR,370,4335,370,0,17,6290,0,contractual,2026-10-09,CONSTRAINT-CON-08,POOL-CON-08,true,false,synthetic,true,proposal,2,INV-CON-08,Material installation,2026-10-10,Synthetic Project Site 0017,false,,not_requested,,0,,false,0,0,false,account.owner.017@example.com,sales.manager@example.com,supply.planner@example.com,qualification.reviewer@example.com,false,2026-10-02,DEMAND-CON-017,CAMPAIGN-CON-017,120,false,false,PROFILE-CON-017,CONSENT-CON-017,granted
REC-CON-0018,COMMIT-CON-0018,RISK-CON-0018,ACC-CON-018,Synthetic Construction Partner 018,Synthetic School Renovation 018,PROD-CON-10,Synthetic Window Assembly B,FAMILY-WINDOWS,unit,EUR,15,378,15,0,450,6750,0,contractual,2026-10-14,CONSTRAINT-CON-10,POOL-CON-10,true,false,synthetic,true,proposal,2,INV-CON-10,Material installation,2026-10-15,Synthetic Project Site 0018,false,,not_requested,,0,,false,0,0,false,account.owner.018@example.com,sales.manager@example.com,supply.planner@example.com,qualification.reviewer@example.com,false,2026-10-02,DEMAND-CON-018,CAMPAIGN-CON-018,13,false,false,PROFILE-CON-018,CONSENT-CON-018,granted
REC-CON-0019,COMMIT-CON-0019,RISK-CON-0019,ACC-CON-019,Synthetic Construction Partner 019,Synthetic Apartments 019,PROD-CON-11,Synthetic Window Assembly C,FAMILY-WINDOWS,unit,EUR,42,432,42,0,500,21000,0,contractual,2026-10-27,CONSTRAINT-CON-11,POOL-CON-11,true,false,synthetic,true,proposal,3,INV-CON-11,Material installation,2026-10-28,Synthetic Project Site 0019,false,,not_requested,,0,,false,0,0,false,account.owner.019@example.com,sales.manager@example.com,supply.planner@example.com,qualification.reviewer@example.com,false,2026-10-02,DEMAND-CON-019,CAMPAIGN-CON-019,14,false,false,PROFILE-CON-019,CONSENT-CON-019,granted
REC-CON-0020,COMMIT-CON-0020,RISK-CON-0020,ACC-CON-020,Synthetic Construction Partner 020,Synthetic Office Refurbishment 020,PROD-CON-12,Synthetic Window Assembly D,FAMILY-WINDOWS,unit,EUR,45,420,0,45,550,24750,24750,standard,2026-10-14,CONSTRAINT-CON-12,POOL-CON-12,true,false,synthetic,true,proposal,17,INV-CON-12,Material installation,2026-10-15,Synthetic Project Site 0020,false,,not_requested,,0,,false,0,45,false,account.owner.020@example.com,sales.manager@example.com,supply.planner@example.com,qualification.reviewer@example.com,false,2026-10-02,DEMAND-CON-020,CAMPAIGN-CON-020,5,false,false,PROFILE-CON-020,CONSENT-CON-020,denied
REC-CON-0021,COMMIT-CON-0021,RISK-CON-0021,ACC-CON-021,Synthetic Construction Partner 021,Synthetic School Renovation 021,PROD-CON-03,Synthetic Floor Insulation C,FAMILY-INSULATION,m2,EUR,440,5115,440,0,24,10560,0,contractual,2026-10-21,CONSTRAINT-CON-03,POOL-CON-03,true,false,synthetic,true,proposal,6,INV-CON-03,Material installation,2026-10-22,Synthetic Project Site 0021,false,,not_requested,,0,,false,0,0,false,account.owner.021@example.com,sales.manager@example.com,supply.planner@example.com,qualification.reviewer@example.com,false,2026-10-02,DEMAND-CON-021,CAMPAIGN-CON-021,60,false,false,PROFILE-CON-021,CONSENT-CON-021,granted
REC-CON-0022,COMMIT-CON-0022,RISK-CON-0022,ACC-CON-022,Synthetic Construction Partner 022,Synthetic Apartments 022,PROD-CON-04,Synthetic Roof Insulation D,FAMILY-INSULATION,m2,EUR,380,4998,380,0,28,10640,0,strategic,2026-10-26,CONSTRAINT-CON-04,POOL-CON-04,true,false,synthetic,true,proposal,11,INV-CON-04,Material installation,2026-10-27,Synthetic Project Site 0022,false,,not_requested,,0,,false,0,0,false,account.owner.022@example.com,sales.manager@example.com,supply.planner@example.com,qualification.reviewer@example.com,false,2026-10-02,DEMAND-CON-022,CAMPAIGN-CON-022,70,false,false,PROFILE-CON-022,CONSENT-CON-022,granted
REC-CON-0023,COMMIT-CON-0023,RISK-CON-0023,ACC-CON-023,Synthetic Construction Partner 023,Synthetic Office Refurbishment 023,PROD-CON-06,Synthetic Interior Board B,FAMILY-PLASTERBOARD,m2,EUR,100,4030,100,0,14,1400,0,contractual,2026-11-01,CONSTRAINT-CON-06,POOL-CON-06,true,false,synthetic,true,proposal,8,INV-CON-06,Material installation,2026-11-02,Synthetic Project Site 0023,false,,not_requested,,0,,false,0,0,false,account.owner.023@example.com,sales.manager@example.com,supply.planner@example.com,qualification.reviewer@example.com,false,2026-10-02,DEMAND-CON-023,CAMPAIGN-CON-023,80,false,false,PROFILE-CON-023,CONSENT-CON-023,granted
REC-CON-0024,COMMIT-CON-0024,RISK-CON-0024,ACC-CON-024,Synthetic Construction Partner 024,Synthetic School Renovation 024,PROD-CON-07,Synthetic Ceiling Board C,FAMILY-PLASTERBOARD,m2,EUR,370,5258,370,0,16,5920,0,strategic,2026-10-18,CONSTRAINT-CON-07,POOL-CON-07,true,false,synthetic,true,proposal,9,INV-CON-07,Material installation,2026-10-19,Synthetic Project Site 0024,false,,not_requested,,0,,false,0,0,false,account.owner.024@example.com,sales.manager@example.com,supply.planner@example.com,qualification.reviewer@example.com,false,2026-10-02,DEMAND-CON-024,CAMPAIGN-CON-024,90,false,false,PROFILE-CON-024,CONSENT-CON-024,granted
REC-CON-0025,COMMIT-CON-0025,RISK-CON-0025,ACC-CON-025,Synthetic Construction Partner 025,Synthetic Apartments 025,PROD-CON-08,Synthetic Partition Board D,FAMILY-PLASTERBOARD,m2,EUR,190,4335,190,0,17,3230,0,strategic,2026-10-14,CONSTRAINT-CON-08,POOL-CON-08,true,false,synthetic,true,proposal,10,INV-CON-08,Material installation,2026-10-15,Synthetic Project Site 0025,false,,not_requested,,0,,false,0,0,false,account.owner.025@example.com,sales.manager@example.com,supply.planner@example.com,qualification.reviewer@example.com,false,2026-10-02,DEMAND-CON-025,CAMPAIGN-CON-025,100,false,false,PROFILE-CON-025,CONSENT-CON-025,granted
REC-CON-0026,COMMIT-CON-0026,RISK-CON-0026,ACC-CON-026,Synthetic Construction Partner 026,Synthetic Office Refurbishment 026,PROD-CON-10,Synthetic Window Assembly B,FAMILY-WINDOWS,unit,EUR,16,378,16,0,450,7200,0,strategic,2026-10-10,CONSTRAINT-CON-10,POOL-CON-10,true,false,synthetic,true,proposal,8,INV-CON-10,Material installation,2026-10-11,Synthetic Project Site 0026,false,,not_requested,,0,,false,0,0,false,account.owner.026@example.com,sales.manager@example.com,supply.planner@example.com,qualification.reviewer@example.com,false,2026-10-02,DEMAND-CON-026,CAMPAIGN-CON-026,11,false,false,PROFILE-CON-026,CONSENT-CON-026,granted
REC-CON-0027,COMMIT-CON-0027,RISK-CON-0027,ACC-CON-027,Synthetic Construction Partner 027,Synthetic School Renovation 027,PROD-CON-11,Synthetic Window Assembly C,FAMILY-WINDOWS,unit,EUR,16,432,16,0,500,8000,0,strategic,2026-10-19,CONSTRAINT-CON-11,POOL-CON-11,true,false,synthetic,true,proposal,13,INV-CON-11,Material installation,2026-10-20,Synthetic Project Site 0027,false,,not_requested,,0,,false,0,0,false,account.owner.027@example.com,sales.manager@example.com,supply.planner@example.com,qualification.reviewer@example.com,false,2026-10-02,DEMAND-CON-027,CAMPAIGN-CON-027,12,false,false,PROFILE-CON-027,CONSENT-CON-027,granted
REC-CON-0028,COMMIT-CON-0028,RISK-CON-0028,ACC-CON-028,Synthetic Construction Partner 028,Synthetic Apartments 028,PROD-CON-12,Synthetic Window Assembly D,FAMILY-WINDOWS,unit,EUR,48,420,48,0,550,26400,0,contractual,2026-10-16,CONSTRAINT-CON-12,POOL-CON-12,true,false,synthetic,true,proposal,2,INV-CON-12,Material installation,2026-10-17,Synthetic Project Site 0028,false,,not_requested,,0,,false,0,0,false,account.owner.028@example.com,sales.manager@example.com,supply.planner@example.com,qualification.reviewer@example.com,false,2026-10-02,DEMAND-CON-028,CAMPAIGN-CON-028,13,false,false,PROFILE-CON-028,CONSENT-CON-028,granted
REC-CON-0029,COMMIT-CON-0029,RISK-CON-0029,ACC-CON-029,Synthetic Construction Partner 029,Synthetic Office Refurbishment 029,PROD-CON-03,Synthetic Floor Insulation C,FAMILY-INSULATION,m2,EUR,390,5115,390,0,24,9360,0,contractual,2026-10-25,CONSTRAINT-CON-03,POOL-CON-03,true,false,synthetic,true,proposal,8,INV-CON-03,Material installation,2026-10-26,Synthetic Project Site 0029,false,,not_requested,,0,,false,0,0,false,account.owner.029@example.com,sales.manager@example.com,supply.planner@example.com,qualification.reviewer@example.com,false,2026-10-02,DEMAND-CON-029,CAMPAIGN-CON-029,140,false,false,PROFILE-CON-029,CONSENT-CON-029,granted
REC-CON-0030,COMMIT-CON-0030,RISK-CON-0030,ACC-CON-030,Synthetic Construction Partner 030,Synthetic School Renovation 030,PROD-CON-04,Synthetic Roof Insulation D,FAMILY-INSULATION,m2,EUR,340,4998,0,340,28,9520,9520,standard,2026-10-10,CONSTRAINT-CON-04,POOL-CON-04,true,false,synthetic,true,proposal,19,INV-CON-04,Material installation,2026-10-11,Synthetic Project Site 0030,false,,not_requested,,0,,false,0,340,false,account.owner.030@example.com,sales.manager@example.com,supply.planner@example.com,qualification.reviewer@example.com,false,2026-10-02,DEMAND-CON-030,CAMPAIGN-CON-030,50,false,false,PROFILE-CON-030,CONSENT-CON-030,denied
REC-CON-0031,COMMIT-CON-0031,RISK-CON-0031,ACC-CON-031,Synthetic Construction Partner 031,Synthetic Apartments 031,PROD-CON-06,Synthetic Interior Board B,FAMILY-PLASTERBOARD,m2,EUR,280,4030,0,280,14,3920,3920,standard,2026-11-03,CONSTRAINT-CON-06,POOL-CON-06,true,false,synthetic,true,proposal,24,INV-CON-06,Material installation,2026-11-04,Synthetic Project Site 0031,false,,not_requested,,0,,false,0,280,false,account.owner.031@example.com,sales.manager@example.com,supply.planner@example.com,qualification.reviewer@example.com,false,2026-10-02,DEMAND-CON-031,CAMPAIGN-CON-031,60,false,false,PROFILE-CON-031,CONSENT-CON-031,granted
REC-CON-0032,COMMIT-CON-0032,RISK-CON-0032,ACC-CON-032,Synthetic Construction Partner 032,Synthetic Office Refurbishment 032,PROD-CON-07,Synthetic Ceiling Board C,FAMILY-PLASTERBOARD,m2,EUR,490,5258,490,0,16,7840,0,strategic,2026-11-05,CONSTRAINT-CON-07,POOL-CON-07,true,false,synthetic,true,proposal,16,INV-CON-07,Material installation,2026-11-06,Synthetic Project Site 0032,false,,not_requested,,0,,false,0,0,false,account.owner.032@example.com,sales.manager@example.com,supply.planner@example.com,qualification.reviewer@example.com,false,2026-10-02,DEMAND-CON-032,CAMPAIGN-CON-032,70,false,false,PROFILE-CON-032,CONSENT-CON-032,granted
REC-CON-0033,COMMIT-CON-0033,RISK-CON-0033,ACC-CON-033,Synthetic Construction Partner 033,Synthetic School Renovation 033,PROD-CON-08,Synthetic Partition Board D,FAMILY-PLASTERBOARD,m2,EUR,460,4335,0,460,17,7820,7820,standard,2026-10-14,CONSTRAINT-CON-08,POOL-CON-08,true,false,synthetic,true,proposal,16,INV-CON-08,Material installation,2026-10-15,Synthetic Project Site 0033,false,,not_requested,,0,,false,0,460,false,account.owner.033@example.com,sales.manager@example.com,supply.planner@example.com,qualification.reviewer@example.com,false,2026-10-02,DEMAND-CON-033,CAMPAIGN-CON-033,80,false,false,PROFILE-CON-033,CONSENT-CON-033,granted
REC-CON-0034,COMMIT-CON-0034,RISK-CON-0034,ACC-CON-034,Synthetic Construction Partner 034,Synthetic Apartments 034,PROD-CON-10,Synthetic Window Assembly B,FAMILY-WINDOWS,unit,EUR,14,378,14,0,450,6300,0,standard,2026-10-09,CONSTRAINT-CON-10,POOL-CON-10,true,false,synthetic,true,proposal,14,INV-CON-10,Material installation,2026-10-10,Synthetic Project Site 0034,false,,not_requested,,0,,false,0,0,false,account.owner.034@example.com,sales.manager@example.com,supply.planner@example.com,qualification.reviewer@example.com,false,2026-10-02,DEMAND-CON-034,CAMPAIGN-CON-034,9,false,false,PROFILE-CON-034,CONSENT-CON-034,granted
REC-CON-0035,COMMIT-CON-0035,RISK-CON-0035,ACC-CON-035,Synthetic Construction Partner 035,Synthetic Office Refurbishment 035,PROD-CON-11,Synthetic Window Assembly C,FAMILY-WINDOWS,unit,EUR,24,432,0,24,500,12000,12000,strategic,2026-11-01,CONSTRAINT-CON-11,POOL-CON-11,true,false,synthetic,true,proposal,17,INV-CON-11,Material installation,2026-11-02,Synthetic Project Site 0035,false,,not_requested,,0,,false,0,24,false,account.owner.035@example.com,sales.manager@example.com,supply.planner@example.com,qualification.reviewer@example.com,false,2026-10-02,DEMAND-CON-035,CAMPAIGN-CON-035,10,false,false,PROFILE-CON-035,CONSENT-CON-035,granted
REC-CON-0036,COMMIT-CON-0036,RISK-CON-0036,ACC-CON-036,Synthetic Construction Partner 036,Synthetic School Renovation 036,PROD-CON-12,Synthetic Window Assembly D,FAMILY-WINDOWS,unit,EUR,15,420,15,0,550,8250,0,contractual,2026-11-04,CONSTRAINT-CON-12,POOL-CON-12,true,false,synthetic,true,proposal,8,INV-CON-12,Material installation,2026-11-05,Synthetic Project Site 0036,false,,not_requested,,0,,false,0,0,false,account.owner.036@example.com,sales.manager@example.com,supply.planner@example.com,qualification.reviewer@example.com,false,2026-10-02,DEMAND-CON-036,CAMPAIGN-CON-036,11,false,false,PROFILE-CON-036,CONSENT-CON-036,granted
REC-CON-0037,COMMIT-CON-0037,RISK-CON-0037,ACC-CON-037,Synthetic Construction Partner 037,Synthetic Apartments 037,PROD-CON-03,Synthetic Floor Insulation C,FAMILY-INSULATION,m2,EUR,160,5115,160,0,24,3840,0,strategic,2026-10-20,CONSTRAINT-CON-03,POOL-CON-03,true,false,synthetic,true,proposal,11,INV-CON-03,Material installation,2026-10-21,Synthetic Project Site 0037,false,,not_requested,,0,,false,0,0,false,account.owner.037@example.com,sales.manager@example.com,supply.planner@example.com,qualification.reviewer@example.com,false,2026-10-02,DEMAND-CON-037,CAMPAIGN-CON-037,120,false,false,PROFILE-CON-037,CONSENT-CON-037,granted
REC-CON-0038,COMMIT-CON-0038,RISK-CON-0038,ACC-CON-038,Synthetic Construction Partner 038,Synthetic Office Refurbishment 038,PROD-CON-04,Synthetic Roof Insulation D,FAMILY-INSULATION,m2,EUR,390,4998,390,0,28,10920,0,strategic,2026-10-28,CONSTRAINT-CON-04,POOL-CON-04,true,false,synthetic,true,proposal,13,INV-CON-04,Material installation,2026-10-29,Synthetic Project Site 0038,false,,not_requested,,0,,false,0,0,false,account.owner.038@example.com,sales.manager@example.com,supply.planner@example.com,qualification.reviewer@example.com,false,2026-10-02,DEMAND-CON-038,CAMPAIGN-CON-038,130,false,false,PROFILE-CON-038,CONSENT-CON-038,granted
REC-CON-0039,COMMIT-CON-0039,RISK-CON-0039,ACC-CON-039,Synthetic Construction Partner 039,Synthetic School Renovation 039,PROD-CON-06,Synthetic Interior Board B,FAMILY-PLASTERBOARD,m2,EUR,200,4030,200,0,14,2800,0,strategic,2026-10-19,CONSTRAINT-CON-06,POOL-CON-06,true,false,synthetic,true,proposal,14,INV-CON-06,Material installation,2026-10-20,Synthetic Project Site 0039,false,,not_requested,,0,,false,0,0,false,account.owner.039@example.com,sales.manager@example.com,supply.planner@example.com,qualification.reviewer@example.com,false,2026-10-02,DEMAND-CON-039,CAMPAIGN-CON-039,140,false,false,PROFILE-CON-039,CONSENT-CON-039,granted
REC-CON-0040,COMMIT-CON-0040,RISK-CON-0040,ACC-CON-040,Synthetic Construction Partner 040,Synthetic Apartments 040,PROD-CON-07,Synthetic Ceiling Board C,FAMILY-PLASTERBOARD,m2,EUR,230,5258,230,0,16,3680,0,strategic,2026-10-29,CONSTRAINT-CON-07,POOL-CON-07,true,false,synthetic,true,proposal,14,INV-CON-07,Material installation,2026-10-30,Synthetic Project Site 0040,false,,not_requested,,0,,false,0,0,false,account.owner.040@example.com,sales.manager@example.com,supply.planner@example.com,qualification.reviewer@example.com,false,2026-10-02,DEMAND-CON-040,CAMPAIGN-CON-040,50,false,false,PROFILE-CON-040,CONSENT-CON-040,denied
REC-CON-0041,COMMIT-CON-0041,RISK-CON-0041,ACC-CON-041,Synthetic Construction Partner 041,Synthetic Office Refurbishment 041,PROD-CON-08,Synthetic Partition Board D,FAMILY-PLASTERBOARD,m2,EUR,140,4335,0,140,17,2380,2380,standard,2026-10-27,CONSTRAINT-CON-08,POOL-CON-08,true,false,synthetic,true,proposal,21,INV-CON-08,Material installation,2026-10-28,Synthetic Project Site 0041,false,,not_requested,,0,,false,0,140,false,account.owner.041@example.com,sales.manager@example.com,supply.planner@example.com,qualification.reviewer@example.com,false,2026-10-02,DEMAND-CON-041,CAMPAIGN-CON-041,60,false,false,PROFILE-CON-041,CONSENT-CON-041,granted
REC-CON-0042,COMMIT-CON-0042,RISK-CON-0042,ACC-CON-042,Synthetic Construction Partner 042,Synthetic School Renovation 042,PROD-CON-10,Synthetic Window Assembly B,FAMILY-WINDOWS,unit,EUR,20,378,0,20,450,9000,9000,standard,2026-10-25,CONSTRAINT-CON-10,POOL-CON-10,true,false,synthetic,true,proposal,19,INV-CON-10,Material installation,2026-10-26,Synthetic Project Site 0042,false,,not_requested,,0,,false,0,20,false,account.owner.042@example.com,sales.manager@example.com,supply.planner@example.com,qualification.reviewer@example.com,false,2026-10-02,DEMAND-CON-042,CAMPAIGN-CON-042,7,false,false,PROFILE-CON-042,CONSENT-CON-042,granted
REC-CON-0043,COMMIT-CON-0043,RISK-CON-0043,ACC-CON-043,Synthetic Construction Partner 043,Synthetic Apartments 043,PROD-CON-11,Synthetic Window Assembly C,FAMILY-WINDOWS,unit,EUR,25,432,25,0,500,12500,0,strategic,2026-10-13,CONSTRAINT-CON-11,POOL-CON-11,true,false,synthetic,true,proposal,10,INV-CON-11,Material installation,2026-10-14,Synthetic Project Site 0043,false,,not_requested,,0,,false,0,0,false,account.owner.043@example.com,sales.manager@example.com,supply.planner@example.com,qualification.reviewer@example.com,false,2026-10-02,DEMAND-CON-043,CAMPAIGN-CON-043,8,false,false,PROFILE-CON-043,CONSENT-CON-043,granted
REC-CON-0044,COMMIT-CON-0044,RISK-CON-0044,ACC-CON-044,Synthetic Construction Partner 044,Synthetic Office Refurbishment 044,PROD-CON-12,Synthetic Window Assembly D,FAMILY-WINDOWS,unit,EUR,34,420,0,34,550,18700,18700,standard,2026-10-16,CONSTRAINT-CON-12,POOL-CON-12,true,false,synthetic,true,proposal,19,INV-CON-12,Material installation,2026-10-17,Synthetic Project Site 0044,false,,not_requested,,0,,false,0,34,false,account.owner.044@example.com,sales.manager@example.com,supply.planner@example.com,qualification.reviewer@example.com,false,2026-10-02,DEMAND-CON-044,CAMPAIGN-CON-044,9,false,false,PROFILE-CON-044,CONSENT-CON-044,granted
REC-CON-0045,COMMIT-CON-0045,RISK-CON-0045,ACC-CON-045,Synthetic Construction Partner 045,Synthetic School Renovation 045,PROD-CON-03,Synthetic Floor Insulation C,FAMILY-INSULATION,m2,EUR,450,5115,0,450,24,10800,10800,standard,2026-10-15,CONSTRAINT-CON-03,POOL-CON-03,true,false,synthetic,true,proposal,16,INV-CON-03,Material installation,2026-10-16,Synthetic Project Site 0045,false,,not_requested,,0,,false,0,450,false,account.owner.045@example.com,sales.manager@example.com,supply.planner@example.com,qualification.reviewer@example.com,false,2026-10-02,DEMAND-CON-045,CAMPAIGN-CON-045,100,false,false,PROFILE-CON-045,CONSENT-CON-045,granted
REC-CON-0046,COMMIT-CON-0046,RISK-CON-0046,ACC-CON-046,Synthetic Construction Partner 046,Synthetic Apartments 046,PROD-CON-04,Synthetic Roof Insulation D,FAMILY-INSULATION,m2,EUR,300,4998,300,0,28,8400,0,contractual,2026-11-03,CONSTRAINT-CON-04,POOL-CON-04,true,false,synthetic,true,proposal,4,INV-CON-04,Material installation,2026-11-04,Synthetic Project Site 0046,false,,not_requested,,0,,false,0,0,false,account.owner.046@example.com,sales.manager@example.com,supply.planner@example.com,qualification.reviewer@example.com,false,2026-10-02,DEMAND-CON-046,CAMPAIGN-CON-046,110,false,false,PROFILE-CON-046,CONSENT-CON-046,granted
REC-CON-0047,COMMIT-CON-0047,RISK-CON-0047,ACC-CON-047,Synthetic Construction Partner 047,Synthetic Office Refurbishment 047,PROD-CON-06,Synthetic Interior Board B,FAMILY-PLASTERBOARD,m2,EUR,240,4030,240,0,14,3360,0,contractual,2026-11-03,CONSTRAINT-CON-06,POOL-CON-06,true,false,synthetic,true,proposal,9,INV-CON-06,Material installation,2026-11-04,Synthetic Project Site 0047,false,,not_requested,,0,,false,0,0,false,account.owner.047@example.com,sales.manager@example.com,supply.planner@example.com,qualification.reviewer@example.com,false,2026-10-02,DEMAND-CON-047,CAMPAIGN-CON-047,120,false,false,PROFILE-CON-047,CONSENT-CON-047,granted
REC-CON-0048,COMMIT-CON-0048,RISK-CON-0048,ACC-CON-048,Synthetic Construction Partner 048,Synthetic School Renovation 048,PROD-CON-07,Synthetic Ceiling Board C,FAMILY-PLASTERBOARD,m2,EUR,300,5258,300,0,16,4800,0,strategic,2026-10-20,CONSTRAINT-CON-07,POOL-CON-07,true,false,synthetic,true,proposal,11,INV-CON-07,Material installation,2026-10-21,Synthetic Project Site 0048,false,,not_requested,,0,,false,0,0,false,account.owner.048@example.com,sales.manager@example.com,supply.planner@example.com,qualification.reviewer@example.com,false,2026-10-02,DEMAND-CON-048,CAMPAIGN-CON-048,130,false,false,PROFILE-CON-048,CONSENT-CON-048,granted
REC-CON-0049,COMMIT-CON-0049,RISK-CON-0049,ACC-CON-049,Synthetic Construction Partner 049,Synthetic Apartments 049,PROD-CON-08,Synthetic Partition Board D,FAMILY-PLASTERBOARD,m2,EUR,140,4335,0,140,17,2380,2380,standard,2026-10-14,CONSTRAINT-CON-08,POOL-CON-08,true,false,synthetic,true,proposal,17,INV-CON-08,Material installation,2026-10-15,Synthetic Project Site 0049,false,,not_requested,,0,,false,0,140,false,account.owner.049@example.com,sales.manager@example.com,supply.planner@example.com,qualification.reviewer@example.com,false,2026-10-02,DEMAND-CON-049,CAMPAIGN-CON-049,140,false,false,PROFILE-CON-049,CONSENT-CON-049,granted
REC-CON-0050,COMMIT-CON-0050,RISK-CON-0050,ACC-CON-050,Synthetic Construction Partner 050,Synthetic Office Refurbishment 050,PROD-CON-10,Synthetic Window Assembly B,FAMILY-WINDOWS,unit,EUR,30,378,6,24,450,13500,10800,standard,2026-10-14,CONSTRAINT-CON-10,POOL-CON-10,true,false,synthetic,true,proposal,16,INV-CON-10,Material installation,2026-10-15,Synthetic Project Site 0050,false,,not_requested,,0,,false,0,24,false,account.owner.050@example.com,sales.manager@example.com,supply.planner@example.com,qualification.reviewer@example.com,false,2026-10-02,DEMAND-CON-050,CAMPAIGN-CON-050,5,false,false,PROFILE-CON-050,CONSENT-CON-050,denied
REC-CON-0051,COMMIT-CON-0051,RISK-CON-0051,ACC-CON-051,Synthetic Construction Partner 051,Synthetic School Renovation 051,PROD-CON-11,Synthetic Window Assembly C,FAMILY-WINDOWS,unit,EUR,41,432,0,41,500,20500,20500,standard,2026-10-20,CONSTRAINT-CON-11,POOL-CON-11,true,false,synthetic,true,proposal,21,INV-CON-11,Material installation,2026-10-21,Synthetic Project Site 0051,false,,not_requested,,0,,false,0,41,false,account.owner.051@example.com,sales.manager@example.com,supply.planner@example.com,qualification.reviewer@example.com,false,2026-10-02,DEMAND-CON-051,CAMPAIGN-CON-051,6,false,false,PROFILE-CON-051,CONSENT-CON-051,granted
REC-CON-0052,COMMIT-CON-0052,RISK-CON-0052,ACC-CON-052,Synthetic Construction Partner 052,Synthetic Apartments 052,PROD-CON-12,Synthetic Window Assembly D,FAMILY-WINDOWS,unit,EUR,39,420,39,0,550,21450,0,strategic,2026-10-12,CONSTRAINT-CON-12,POOL-CON-12,true,false,synthetic,true,proposal,10,INV-CON-12,Material installation,2026-10-13,Synthetic Project Site 0052,false,,not_requested,,0,,false,0,0,false,account.owner.052@example.com,sales.manager@example.com,supply.planner@example.com,qualification.reviewer@example.com,false,2026-10-02,DEMAND-CON-052,CAMPAIGN-CON-052,7,false,false,PROFILE-CON-052,CONSENT-CON-052,granted
REC-CON-0053,COMMIT-CON-0053,RISK-CON-0053,ACC-CON-053,Synthetic Construction Partner 053,Synthetic Office Refurbishment 053,PROD-CON-03,Synthetic Floor Insulation C,FAMILY-INSULATION,m2,EUR,180,5115,0,180,24,4320,4320,standard,2026-10-15,CONSTRAINT-CON-03,POOL-CON-03,true,false,synthetic,true,proposal,17,INV-CON-03,Material installation,2026-10-16,Synthetic Project Site 0053,false,,not_requested,,0,,false,0,180,false,account.owner.053@example.com,sales.manager@example.com,supply.planner@example.com,qualification.reviewer@example.com,false,2026-10-02,DEMAND-CON-053,CAMPAIGN-CON-053,80,false,false,PROFILE-CON-053,CONSENT-CON-053,granted
REC-CON-0054,COMMIT-CON-0054,RISK-CON-0054,ACC-CON-054,Synthetic Construction Partner 054,Synthetic School Renovation 054,PROD-CON-04,Synthetic Roof Insulation D,FAMILY-INSULATION,m2,EUR,450,4998,450,0,28,12600,0,strategic,2026-10-25,CONSTRAINT-CON-04,POOL-CON-04,true,false,synthetic,true,proposal,10,INV-CON-04,Material installation,2026-10-26,Synthetic Project Site 0054,false,,not_requested,,0,,false,0,0,false,account.owner.054@example.com,sales.manager@example.com,supply.planner@example.com,qualification.reviewer@example.com,false,2026-10-02,DEMAND-CON-054,CAMPAIGN-CON-054,90,false,false,PROFILE-CON-054,CONSENT-CON-054,granted
REC-CON-0055,COMMIT-CON-0055,RISK-CON-0055,ACC-CON-055,Synthetic Construction Partner 055,Synthetic Apartments 055,PROD-CON-06,Synthetic Interior Board B,FAMILY-PLASTERBOARD,m2,EUR,470,4030,0,470,14,6580,6580,standard,2026-10-21,CONSTRAINT-CON-06,POOL-CON-06,true,false,synthetic,true,proposal,22,INV-CON-06,Material installation,2026-10-22,Synthetic Project Site 0055,false,,not_requested,,0,,false,0,470,false,account.owner.055@example.com,sales.manager@example.com,supply.planner@example.com,qualification.reviewer@example.com,false,2026-10-02,DEMAND-CON-055,CAMPAIGN-CON-055,100,false,false,PROFILE-CON-055,CONSENT-CON-055,granted
REC-CON-0056,COMMIT-CON-0056,RISK-CON-0056,ACC-CON-056,Synthetic Construction Partner 056,Synthetic Office Refurbishment 056,PROD-CON-07,Synthetic Ceiling Board C,FAMILY-PLASTERBOARD,m2,EUR,350,5258,350,0,16,5600,0,contractual,2026-10-19,CONSTRAINT-CON-07,POOL-CON-07,true,false,synthetic,true,proposal,3,INV-CON-07,Material installation,2026-10-20,Synthetic Project Site 0056,false,,not_requested,,0,,false,0,0,false,account.owner.056@example.com,sales.manager@example.com,supply.planner@example.com,qualification.reviewer@example.com,false,2026-10-02,DEMAND-CON-056,CAMPAIGN-CON-056,110,false,false,PROFILE-CON-056,CONSENT-CON-056,granted
REC-CON-0057,COMMIT-CON-0057,RISK-CON-0057,ACC-CON-057,Synthetic Construction Partner 057,Synthetic School Renovation 057,PROD-CON-08,Synthetic Partition Board D,FAMILY-PLASTERBOARD,m2,EUR,180,4335,180,0,17,3060,0,strategic,2026-10-24,CONSTRAINT-CON-08,POOL-CON-08,true,false,synthetic,true,proposal,12,INV-CON-08,Material installation,2026-10-25,Synthetic Project Site 0057,false,,not_requested,,0,,false,0,0,false,account.owner.057@example.com,sales.manager@example.com,supply.planner@example.com,qualification.reviewer@example.com,false,2026-10-02,DEMAND-CON-057,CAMPAIGN-CON-057,120,false,false,PROFILE-CON-057,CONSENT-CON-057,granted
REC-CON-0058,COMMIT-CON-0058,RISK-CON-0058,ACC-CON-058,Synthetic Construction Partner 058,Synthetic Apartments 058,PROD-CON-10,Synthetic Window Assembly B,FAMILY-WINDOWS,unit,EUR,15,378,15,0,450,6750,0,contractual,2026-11-01,CONSTRAINT-CON-10,POOL-CON-10,true,false,synthetic,true,proposal,4,INV-CON-10,Material installation,2026-11-02,Synthetic Project Site 0058,false,,not_requested,,0,,false,0,0,false,account.owner.058@example.com,sales.manager@example.com,supply.planner@example.com,qualification.reviewer@example.com,false,2026-10-02,DEMAND-CON-058,CAMPAIGN-CON-058,13,false,false,PROFILE-CON-058,CONSENT-CON-058,granted
REC-CON-0059,COMMIT-CON-0059,RISK-CON-0059,ACC-CON-059,Synthetic Construction Partner 059,Synthetic Office Refurbishment 059,PROD-CON-11,Synthetic Window Assembly C,FAMILY-WINDOWS,unit,EUR,17,432,0,17,500,8500,8500,standard,2026-10-12,CONSTRAINT-CON-11,POOL-CON-11,true,false,synthetic,true,proposal,19,INV-CON-11,Material installation,2026-10-13,Synthetic Project Site 0059,false,,not_requested,,0,,false,0,17,false,account.owner.059@example.com,sales.manager@example.com,supply.planner@example.com,qualification.reviewer@example.com,false,2026-10-02,DEMAND-CON-059,CAMPAIGN-CON-059,14,false,false,PROFILE-CON-059,CONSENT-CON-059,granted
REC-CON-0060,COMMIT-CON-0060,RISK-CON-0060,ACC-CON-060,Synthetic Construction Partner 060,Synthetic School Renovation 060,PROD-CON-12,Synthetic Window Assembly D,FAMILY-WINDOWS,unit,EUR,20,420,0,20,550,11000,11000,standard,2026-11-02,CONSTRAINT-CON-12,POOL-CON-12,true,false,synthetic,true,proposal,23,INV-CON-12,Material installation,2026-11-03,Synthetic Project Site 0060,false,,not_requested,,0,,false,0,20,false,account.owner.060@example.com,sales.manager@example.com,supply.planner@example.com,qualification.reviewer@example.com,false,2026-10-02,DEMAND-CON-060,CAMPAIGN-CON-060,5,false,false,PROFILE-CON-060,CONSENT-CON-060,denied
REC-CON-0061,COMMIT-CON-0061,RISK-CON-0061,ACC-CON-061,Synthetic Construction Partner 061,Synthetic Apartments 061,PROD-CON-03,Synthetic Floor Insulation C,FAMILY-INSULATION,m2,EUR,370,5115,370,0,24,8880,0,contractual,2026-10-27,CONSTRAINT-CON-03,POOL-CON-03,true,false,synthetic,true,proposal,10,INV-CON-03,Material installation,2026-10-28,Synthetic Project Site 0061,false,,not_requested,,0,,false,0,0,false,account.owner.061@example.com,sales.manager@example.com,supply.planner@example.com,qualification.reviewer@example.com,false,2026-10-02,DEMAND-CON-061,CAMPAIGN-CON-061,60,false,false,PROFILE-CON-061,CONSENT-CON-061,granted
REC-CON-0062,COMMIT-CON-0062,RISK-CON-0062,ACC-CON-062,Synthetic Construction Partner 062,Synthetic Office Refurbishment 062,PROD-CON-04,Synthetic Roof Insulation D,FAMILY-INSULATION,m2,EUR,340,4998,0,340,28,9520,9520,standard,2026-10-20,CONSTRAINT-CON-04,POOL-CON-04,true,false,synthetic,true,proposal,22,INV-CON-04,Material installation,2026-10-21,Synthetic Project Site 0062,false,,not_requested,,0,,false,0,340,false,account.owner.062@example.com,sales.manager@example.com,supply.planner@example.com,qualification.reviewer@example.com,false,2026-10-02,DEMAND-CON-062,CAMPAIGN-CON-062,70,false,false,PROFILE-CON-062,CONSENT-CON-062,granted
REC-CON-0063,COMMIT-CON-0063,RISK-CON-0063,ACC-CON-063,Synthetic Construction Partner 063,Synthetic School Renovation 063,PROD-CON-06,Synthetic Interior Board B,FAMILY-PLASTERBOARD,m2,EUR,390,4030,310,80,14,5460,1120,strategic,2026-10-24,CONSTRAINT-CON-06,POOL-CON-06,true,false,synthetic,true,proposal,15,INV-CON-06,Material installation,2026-10-25,Synthetic Project Site 0063,false,,not_requested,,0,,false,0,80,false,account.owner.063@example.com,sales.manager@example.com,supply.planner@example.com,qualification.reviewer@example.com,false,2026-10-02,DEMAND-CON-063,CAMPAIGN-CON-063,80,false,false,PROFILE-CON-063,CONSENT-CON-063,granted
REC-CON-0064,COMMIT-CON-0064,RISK-CON-0064,ACC-CON-064,Synthetic Construction Partner 064,Synthetic Apartments 064,PROD-CON-07,Synthetic Ceiling Board C,FAMILY-PLASTERBOARD,m2,EUR,450,5258,450,0,16,7200,0,contractual,2026-11-04,CONSTRAINT-CON-07,POOL-CON-07,true,false,synthetic,true,proposal,6,INV-CON-07,Material installation,2026-11-05,Synthetic Project Site 0064,false,,not_requested,,0,,false,0,0,false,account.owner.064@example.com,sales.manager@example.com,supply.planner@example.com,qualification.reviewer@example.com,false,2026-10-02,DEMAND-CON-064,CAMPAIGN-CON-064,90,false,false,PROFILE-CON-064,CONSENT-CON-064,granted
REC-CON-0065,COMMIT-CON-0065,RISK-CON-0065,ACC-CON-065,Synthetic Construction Partner 065,Synthetic Office Refurbishment 065,PROD-CON-08,Synthetic Partition Board D,FAMILY-PLASTERBOARD,m2,EUR,170,4335,0,170,17,2890,2890,standard,2026-10-29,CONSTRAINT-CON-08,POOL-CON-08,true,false,synthetic,true,proposal,22,INV-CON-08,Material installation,2026-10-30,Synthetic Project Site 0065,false,,not_requested,,0,,false,0,170,false,account.owner.065@example.com,sales.manager@example.com,supply.planner@example.com,qualification.reviewer@example.com,false,2026-10-02,DEMAND-CON-065,CAMPAIGN-CON-065,100,false,false,PROFILE-CON-065,CONSENT-CON-065,granted
REC-CON-0066,COMMIT-CON-0066,RISK-CON-0066,ACC-CON-066,Synthetic Construction Partner 066,Synthetic School Renovation 066,PROD-CON-10,Synthetic Window Assembly B,FAMILY-WINDOWS,unit,EUR,27,378,0,27,450,12150,12150,standard,2026-11-01,CONSTRAINT-CON-10,POOL-CON-10,true,false,synthetic,true,proposal,23,INV-CON-10,Material installation,2026-11-02,Synthetic Project Site 0066,false,,not_requested,,0,,false,0,27,false,account.owner.066@example.com,sales.manager@example.com,supply.planner@example.com,qualification.reviewer@example.com,false,2026-10-02,DEMAND-CON-066,CAMPAIGN-CON-066,11,false,false,PROFILE-CON-066,CONSENT-CON-066,granted
REC-CON-0067,COMMIT-CON-0067,RISK-CON-0067,ACC-CON-067,Synthetic Construction Partner 067,Synthetic Apartments 067,PROD-CON-11,Synthetic Window Assembly C,FAMILY-WINDOWS,unit,EUR,31,432,31,0,500,15500,0,strategic,2026-10-11,CONSTRAINT-CON-11,POOL-CON-11,true,false,synthetic,true,proposal,9,INV-CON-11,Material installation,2026-10-12,Synthetic Project Site 0067,false,,not_requested,,0,,false,0,0,false,account.owner.067@example.com,sales.manager@example.com,supply.planner@example.com,qualification.reviewer@example.com,false,2026-10-02,DEMAND-CON-067,CAMPAIGN-CON-067,12,false,false,PROFILE-CON-067,CONSENT-CON-067,granted
REC-CON-0068,COMMIT-CON-0068,RISK-CON-0068,ACC-CON-068,Synthetic Construction Partner 068,Synthetic Office Refurbishment 068,PROD-CON-12,Synthetic Window Assembly D,FAMILY-WINDOWS,unit,EUR,37,420,37,0,550,20350,0,strategic,2026-10-13,CONSTRAINT-CON-12,POOL-CON-12,true,false,synthetic,true,proposal,11,INV-CON-12,Material installation,2026-10-14,Synthetic Project Site 0068,false,,not_requested,,0,,false,0,0,false,account.owner.068@example.com,sales.manager@example.com,supply.planner@example.com,qualification.reviewer@example.com,false,2026-10-02,DEMAND-CON-068,CAMPAIGN-CON-068,13,false,false,PROFILE-CON-068,CONSENT-CON-068,granted
REC-CON-0069,COMMIT-CON-0069,RISK-CON-0069,ACC-CON-069,Synthetic Construction Partner 069,Synthetic School Renovation 069,PROD-CON-03,Synthetic Floor Insulation C,FAMILY-INSULATION,m2,EUR,100,5115,0,100,24,2400,2400,standard,2026-10-31,CONSTRAINT-CON-03,POOL-CON-03,true,false,synthetic,true,proposal,22,INV-CON-03,Material installation,2026-11-01,Synthetic Project Site 0069,false,,not_requested,,0,,false,0,100,false,account.owner.069@example.com,sales.manager@example.com,supply.planner@example.com,qualification.reviewer@example.com,false,2026-10-02,DEMAND-CON-069,CAMPAIGN-CON-069,140,false,false,PROFILE-CON-069,CONSENT-CON-069,granted
REC-CON-0070,COMMIT-CON-0070,RISK-CON-0070,ACC-CON-070,Synthetic Construction Partner 070,Synthetic Apartments 070,PROD-CON-04,Synthetic Roof Insulation D,FAMILY-INSULATION,m2,EUR,260,4998,260,0,28,7280,0,contractual,2026-10-24,CONSTRAINT-CON-04,POOL-CON-04,true,false,synthetic,true,proposal,3,INV-CON-04,Material installation,2026-10-25,Synthetic Project Site 0070,false,,not_requested,,0,,false,0,0,false,account.owner.070@example.com,sales.manager@example.com,supply.planner@example.com,qualification.reviewer@example.com,false,2026-10-02,DEMAND-CON-070,CAMPAIGN-CON-070,50,false,false,PROFILE-CON-070,CONSENT-CON-070,denied
REC-CON-0071,COMMIT-CON-0071,RISK-CON-0071,ACC-CON-071,Synthetic Construction Partner 071,Synthetic Office Refurbishment 071,PROD-CON-06,Synthetic Interior Board B,FAMILY-PLASTERBOARD,m2,EUR,420,4030,420,0,14,5880,0,contractual,2026-11-06,CONSTRAINT-CON-06,POOL-CON-06,true,false,synthetic,true,proposal,10,INV-CON-06,Material installation,2026-11-07,Synthetic Project Site 0071,false,,not_requested,,0,,false,0,0,false,account.owner.071@example.com,sales.manager@example.com,supply.planner@example.com,qualification.reviewer@example.com,false,2026-10-02,DEMAND-CON-071,CAMPAIGN-CON-071,60,false,false,PROFILE-CON-071,CONSENT-CON-071,granted
REC-CON-0072,COMMIT-CON-0072,RISK-CON-0072,ACC-CON-072,Synthetic Construction Partner 072,Synthetic School Renovation 072,PROD-CON-07,Synthetic Ceiling Board C,FAMILY-PLASTERBOARD,m2,EUR,500,5258,78,422,16,8000,6752,standard,2026-10-17,CONSTRAINT-CON-07,POOL-CON-07,true,false,synthetic,true,proposal,18,INV-CON-07,Material installation,2026-10-18,Synthetic Project Site 0072,false,,not_requested,,0,,false,0,422,false,account.owner.072@example.com,sales.manager@example.com,supply.planner@example.com,qualification.reviewer@example.com,false,2026-10-02,DEMAND-CON-072,CAMPAIGN-CON-072,70,false,false,PROFILE-CON-072,CONSENT-CON-072,granted
REC-CON-0073,COMMIT-CON-0073,RISK-CON-0073,ACC-CON-073,Synthetic Construction Partner 073,Synthetic Apartments 073,PROD-CON-08,Synthetic Partition Board D,FAMILY-PLASTERBOARD,m2,EUR,420,4335,420,0,17,7140,0,contractual,2026-10-27,CONSTRAINT-CON-08,POOL-CON-08,true,false,synthetic,true,proposal,6,INV-CON-08,Material installation,2026-10-28,Synthetic Project Site 0073,false,,not_requested,,0,,false,0,0,false,account.owner.073@example.com,sales.manager@example.com,supply.planner@example.com,qualification.reviewer@example.com,false,2026-10-02,DEMAND-CON-073,CAMPAIGN-CON-073,80,false,false,PROFILE-CON-073,CONSENT-CON-073,granted
REC-CON-0074,COMMIT-CON-0074,RISK-CON-0074,ACC-CON-074,Synthetic Construction Partner 074,Synthetic Office Refurbishment 074,PROD-CON-10,Synthetic Window Assembly B,FAMILY-WINDOWS,unit,EUR,19,378,19,0,450,8550,0,contractual,2026-10-19,CONSTRAINT-CON-10,POOL-CON-10,true,false,synthetic,true,proposal,3,INV-CON-10,Material installation,2026-10-20,Synthetic Project Site 0074,false,,not_requested,,0,,false,0,0,false,account.owner.074@example.com,sales.manager@example.com,supply.planner@example.com,qualification.reviewer@example.com,false,2026-10-02,DEMAND-CON-074,CAMPAIGN-CON-074,9,false,false,PROFILE-CON-074,CONSENT-CON-074,granted
REC-CON-0075,COMMIT-CON-0075,RISK-CON-0075,ACC-CON-075,Synthetic Construction Partner 075,Synthetic School Renovation 075,PROD-CON-11,Synthetic Window Assembly C,FAMILY-WINDOWS,unit,EUR,44,432,0,44,500,22000,22000,standard,2026-11-01,CONSTRAINT-CON-11,POOL-CON-11,true,false,synthetic,true,proposal,23,INV-CON-11,Material installation,2026-11-02,Synthetic Project Site 0075,false,,not_requested,,0,,false,0,44,false,account.owner.075@example.com,sales.manager@example.com,supply.planner@example.com,qualification.reviewer@example.com,false,2026-10-02,DEMAND-CON-075,CAMPAIGN-CON-075,10,false,false,PROFILE-CON-075,CONSENT-CON-075,granted
REC-CON-0076,COMMIT-CON-0076,RISK-CON-0076,ACC-CON-076,Synthetic Construction Partner 076,Synthetic Apartments 076,PROD-CON-12,Synthetic Window Assembly D,FAMILY-WINDOWS,unit,EUR,10,420,10,0,550,5500,0,strategic,2026-10-27,CONSTRAINT-CON-12,POOL-CON-12,true,false,synthetic,true,proposal,13,INV-CON-12,Material installation,2026-10-28,Synthetic Project Site 0076,false,,not_requested,,0,,false,0,0,false,account.owner.076@example.com,sales.manager@example.com,supply.planner@example.com,qualification.reviewer@example.com,false,2026-10-02,DEMAND-CON-076,CAMPAIGN-CON-076,11,false,false,PROFILE-CON-076,CONSENT-CON-076,granted
REC-CON-0077,COMMIT-CON-0077,RISK-CON-0077,ACC-CON-077,Synthetic Construction Partner 077,Synthetic Office Refurbishment 077,PROD-CON-03,Synthetic Floor Insulation C,FAMILY-INSULATION,m2,EUR,410,5115,410,0,24,9840,0,contractual,2026-10-08,CONSTRAINT-CON-03,POOL-CON-03,true,false,synthetic,true,proposal,1,INV-CON-03,Material installation,2026-10-09,Synthetic Project Site 0077,false,,not_requested,,0,,false,0,0,false,account.owner.077@example.com,sales.manager@example.com,supply.planner@example.com,qualification.reviewer@example.com,false,2026-10-02,DEMAND-CON-077,CAMPAIGN-CON-077,120,false,false,PROFILE-CON-077,CONSENT-CON-077,granted
REC-CON-0078,COMMIT-CON-0078,RISK-CON-0078,ACC-CON-078,Synthetic Construction Partner 078,Synthetic School Renovation 078,PROD-CON-04,Synthetic Roof Insulation D,FAMILY-INSULATION,m2,EUR,330,4998,198,132,28,9240,3696,strategic,2026-11-05,CONSTRAINT-CON-04,POOL-CON-04,true,false,synthetic,true,proposal,16,INV-CON-04,Material installation,2026-11-06,Synthetic Project Site 0078,false,,not_requested,,0,,false,0,132,false,account.owner.078@example.com,sales.manager@example.com,supply.planner@example.com,qualification.reviewer@example.com,false,2026-10-02,DEMAND-CON-078,CAMPAIGN-CON-078,130,false,false,PROFILE-CON-078,CONSENT-CON-078,granted
REC-CON-0079,COMMIT-CON-0079,RISK-CON-0079,ACC-CON-079,Synthetic Construction Partner 079,Synthetic Apartments 079,PROD-CON-06,Synthetic Interior Board B,FAMILY-PLASTERBOARD,m2,EUR,250,4030,250,0,14,3500,0,contractual,2026-10-09,CONSTRAINT-CON-06,POOL-CON-06,true,false,synthetic,true,proposal,1,INV-CON-06,Material installation,2026-10-10,Synthetic Project Site 0079,false,,not_requested,,0,,false,0,0,false,account.owner.079@example.com,sales.manager@example.com,supply.planner@example.com,qualification.reviewer@example.com,false,2026-10-02,DEMAND-CON-079,CAMPAIGN-CON-079,140,false,false,PROFILE-CON-079,CONSENT-CON-079,granted
REC-CON-0080,COMMIT-CON-0080,RISK-CON-0080,ACC-CON-080,Synthetic Construction Partner 080,Synthetic Office Refurbishment 080,PROD-CON-07,Synthetic Ceiling Board C,FAMILY-PLASTERBOARD,m2,EUR,460,5258,460,0,16,7360,0,contractual,2026-10-10,CONSTRAINT-CON-07,POOL-CON-07,true,false,synthetic,true,proposal,1,INV-CON-07,Material installation,2026-10-11,Synthetic Project Site 0080,false,,not_requested,,0,,false,0,0,false,account.owner.080@example.com,sales.manager@example.com,supply.planner@example.com,qualification.reviewer@example.com,false,2026-10-02,DEMAND-CON-080,CAMPAIGN-CON-080,50,false,false,PROFILE-CON-080,CONSENT-CON-080,denied
REC-CON-0081,COMMIT-CON-0081,RISK-CON-0081,ACC-CON-081,Synthetic Construction Partner 081,Synthetic School Renovation 081,PROD-CON-08,Synthetic Partition Board D,FAMILY-PLASTERBOARD,m2,EUR,410,4335,410,0,17,6970,0,contractual,2026-11-03,CONSTRAINT-CON-08,POOL-CON-08,true,false,synthetic,true,proposal,7,INV-CON-08,Material installation,2026-11-04,Synthetic Project Site 0081,false,,not_requested,,0,,false,0,0,false,account.owner.081@example.com,sales.manager@example.com,supply.planner@example.com,qualification.reviewer@example.com,false,2026-10-02,DEMAND-CON-081,CAMPAIGN-CON-081,60,false,false,PROFILE-CON-081,CONSENT-CON-081,granted
REC-CON-0082,COMMIT-CON-0082,RISK-CON-0082,ACC-CON-082,Synthetic Construction Partner 082,Synthetic Apartments 082,PROD-CON-10,Synthetic Window Assembly B,FAMILY-WINDOWS,unit,EUR,44,378,44,0,450,19800,0,contractual,2026-11-01,CONSTRAINT-CON-10,POOL-CON-10,true,false,synthetic,true,proposal,5,INV-CON-10,Material installation,2026-11-02,Synthetic Project Site 0082,false,,not_requested,,0,,false,0,0,false,account.owner.082@example.com,sales.manager@example.com,supply.planner@example.com,qualification.reviewer@example.com,false,2026-10-02,DEMAND-CON-082,CAMPAIGN-CON-082,7,false,false,PROFILE-CON-082,CONSENT-CON-082,granted
REC-CON-0083,COMMIT-CON-0083,RISK-CON-0083,ACC-CON-083,Synthetic Construction Partner 083,Synthetic Office Refurbishment 083,PROD-CON-11,Synthetic Window Assembly C,FAMILY-WINDOWS,unit,EUR,18,432,18,0,500,9000,0,strategic,2026-10-29,CONSTRAINT-CON-11,POOL-CON-11,true,false,synthetic,true,proposal,15,INV-CON-11,Material installation,2026-10-30,Synthetic Project Site 0083,false,,not_requested,,0,,false,0,0,false,account.owner.083@example.com,sales.manager@example.com,supply.planner@example.com,qualification.reviewer@example.com,false,2026-10-02,DEMAND-CON-083,CAMPAIGN-CON-083,8,false,false,PROFILE-CON-083,CONSENT-CON-083,granted
REC-CON-0084,COMMIT-CON-0084,RISK-CON-0084,ACC-CON-084,Synthetic Construction Partner 084,Synthetic School Renovation 084,PROD-CON-12,Synthetic Window Assembly D,FAMILY-WINDOWS,unit,EUR,45,420,45,0,550,24750,0,strategic,2026-10-13,CONSTRAINT-CON-12,POOL-CON-12,true,false,synthetic,true,proposal,12,INV-CON-12,Material installation,2026-10-14,Synthetic Project Site 0084,false,,not_requested,,0,,false,0,0,false,account.owner.084@example.com,sales.manager@example.com,supply.planner@example.com,qualification.reviewer@example.com,false,2026-10-02,DEMAND-CON-084,CAMPAIGN-CON-084,9,false,false,PROFILE-CON-084,CONSENT-CON-084,granted
REC-CON-0085,COMMIT-CON-0085,RISK-CON-0085,ACC-CON-085,Synthetic Construction Partner 085,Synthetic Apartments 085,PROD-CON-03,Synthetic Floor Insulation C,FAMILY-INSULATION,m2,EUR,430,5115,0,430,24,10320,10320,standard,2026-11-04,CONSTRAINT-CON-03,POOL-CON-03,true,false,synthetic,true,proposal,24,INV-CON-03,Material installation,2026-11-05,Synthetic Project Site 0085,false,,not_requested,,0,,false,0,430,false,account.owner.085@example.com,sales.manager@example.com,supply.planner@example.com,qualification.reviewer@example.com,false,2026-10-02,DEMAND-CON-085,CAMPAIGN-CON-085,100,false,false,PROFILE-CON-085,CONSENT-CON-085,granted
REC-CON-0086,COMMIT-CON-0086,RISK-CON-0086,ACC-CON-086,Synthetic Construction Partner 086,Synthetic Office Refurbishment 086,PROD-CON-04,Synthetic Roof Insulation D,FAMILY-INSULATION,m2,EUR,370,4998,0,370,28,10360,10360,standard,2026-10-14,CONSTRAINT-CON-04,POOL-CON-04,true,false,synthetic,true,proposal,21,INV-CON-04,Material installation,2026-10-15,Synthetic Project Site 0086,false,,not_requested,,0,,false,0,370,false,account.owner.086@example.com,sales.manager@example.com,supply.planner@example.com,qualification.reviewer@example.com,false,2026-10-02,DEMAND-CON-086,CAMPAIGN-CON-086,110,false,false,PROFILE-CON-086,CONSENT-CON-086,granted
REC-CON-0087,COMMIT-CON-0087,RISK-CON-0087,ACC-CON-087,Synthetic Construction Partner 087,Synthetic School Renovation 087,PROD-CON-06,Synthetic Interior Board B,FAMILY-PLASTERBOARD,m2,EUR,220,4030,0,220,14,3080,3080,strategic,2026-10-30,CONSTRAINT-CON-06,POOL-CON-06,true,false,synthetic,true,proposal,17,INV-CON-06,Material installation,2026-10-31,Synthetic Project Site 0087,false,,not_requested,,0,,false,0,220,false,account.owner.087@example.com,sales.manager@example.com,supply.planner@example.com,qualification.reviewer@example.com,false,2026-10-02,DEMAND-CON-087,CAMPAIGN-CON-087,120,false,false,PROFILE-CON-087,CONSENT-CON-087,granted
REC-CON-0088,COMMIT-CON-0088,RISK-CON-0088,ACC-CON-088,Synthetic Construction Partner 088,Synthetic Apartments 088,PROD-CON-07,Synthetic Ceiling Board C,FAMILY-PLASTERBOARD,m2,EUR,350,5258,0,350,16,5600,5600,standard,2026-10-29,CONSTRAINT-CON-07,POOL-CON-07,true,false,synthetic,true,proposal,24,INV-CON-07,Material installation,2026-10-30,Synthetic Project Site 0088,false,,not_requested,,0,,false,0,350,false,account.owner.088@example.com,sales.manager@example.com,supply.planner@example.com,qualification.reviewer@example.com,false,2026-10-02,DEMAND-CON-088,CAMPAIGN-CON-088,130,false,false,PROFILE-CON-088,CONSENT-CON-088,granted
REC-CON-0089,COMMIT-CON-0089,RISK-CON-0089,ACC-CON-089,Synthetic Construction Partner 089,Synthetic Office Refurbishment 089,PROD-CON-08,Synthetic Partition Board D,FAMILY-PLASTERBOARD,m2,EUR,330,4335,0,330,17,5610,5610,standard,2026-10-22,CONSTRAINT-CON-08,POOL-CON-08,true,false,synthetic,true,proposal,19,INV-CON-08,Material installation,2026-10-23,Synthetic Project Site 0089,false,,not_requested,,0,,false,0,330,false,account.owner.089@example.com,sales.manager@example.com,supply.planner@example.com,qualification.reviewer@example.com,false,2026-10-02,DEMAND-CON-089,CAMPAIGN-CON-089,140,false,false,PROFILE-CON-089,CONSENT-CON-089,granted
REC-CON-0090,COMMIT-CON-0090,RISK-CON-0090,ACC-CON-090,Synthetic Construction Partner 090,Synthetic School Renovation 090,PROD-CON-10,Synthetic Window Assembly B,FAMILY-WINDOWS,unit,EUR,38,378,38,0,450,17100,0,contractual,2026-10-11,CONSTRAINT-CON-10,POOL-CON-10,true,false,synthetic,true,proposal,1,INV-CON-10,Material installation,2026-10-12,Synthetic Project Site 0090,false,,not_requested,,0,,false,0,0,false,account.owner.090@example.com,sales.manager@example.com,supply.planner@example.com,qualification.reviewer@example.com,false,2026-10-02,DEMAND-CON-090,CAMPAIGN-CON-090,5,false,false,PROFILE-CON-090,CONSENT-CON-090,denied
REC-CON-0091,COMMIT-CON-0091,RISK-CON-0091,ACC-CON-091,Synthetic Construction Partner 091,Synthetic Apartments 091,PROD-CON-11,Synthetic Window Assembly C,FAMILY-WINDOWS,unit,EUR,24,432,24,0,500,12000,0,strategic,2026-10-10,CONSTRAINT-CON-11,POOL-CON-11,true,false,synthetic,true,proposal,8,INV-CON-11,Material installation,2026-10-11,Synthetic Project Site 0091,false,,not_requested,,0,,false,0,0,false,account.owner.091@example.com,sales.manager@example.com,supply.planner@example.com,qualification.reviewer@example.com,false,2026-10-02,DEMAND-CON-091,CAMPAIGN-CON-091,6,false,false,PROFILE-CON-091,CONSENT-CON-091,granted
REC-CON-0092,COMMIT-CON-0092,RISK-CON-0092,ACC-CON-092,Synthetic Construction Partner 092,Synthetic Office Refurbishment 092,PROD-CON-12,Synthetic Window Assembly D,FAMILY-WINDOWS,unit,EUR,11,420,0,11,550,6050,6050,standard,2026-10-26,CONSTRAINT-CON-12,POOL-CON-12,true,false,synthetic,true,proposal,21,INV-CON-12,Material installation,2026-10-27,Synthetic Project Site 0092,false,,not_requested,,0,,false,0,11,false,account.owner.092@example.com,sales.manager@example.com,supply.planner@example.com,qualification.reviewer@example.com,false,2026-10-02,DEMAND-CON-092,CAMPAIGN-CON-092,7,false,false,PROFILE-CON-092,CONSENT-CON-092,granted
REC-CON-0093,COMMIT-CON-0093,RISK-CON-0093,ACC-CON-093,Synthetic Construction Partner 093,Synthetic School Renovation 093,PROD-CON-03,Synthetic Floor Insulation C,FAMILY-INSULATION,m2,EUR,240,5115,240,0,24,5760,0,contractual,2026-10-26,CONSTRAINT-CON-03,POOL-CON-03,true,false,synthetic,true,proposal,9,INV-CON-03,Material installation,2026-10-27,Synthetic Project Site 0093,false,,not_requested,,0,,false,0,0,false,account.owner.093@example.com,sales.manager@example.com,supply.planner@example.com,qualification.reviewer@example.com,false,2026-10-02,DEMAND-CON-093,CAMPAIGN-CON-093,80,false,false,PROFILE-CON-093,CONSENT-CON-093,granted
REC-CON-0094,COMMIT-CON-0094,RISK-CON-0094,ACC-CON-094,Synthetic Construction Partner 094,Synthetic Apartments 094,PROD-CON-04,Synthetic Roof Insulation D,FAMILY-INSULATION,m2,EUR,100,4998,0,100,28,2800,2800,standard,2026-10-10,CONSTRAINT-CON-04,POOL-CON-04,true,false,synthetic,true,proposal,20,INV-CON-04,Material installation,2026-10-11,Synthetic Project Site 0094,false,,not_requested,,0,,false,0,100,false,account.owner.094@example.com,sales.manager@example.com,supply.planner@example.com,qualification.reviewer@example.com,false,2026-10-02,DEMAND-CON-094,CAMPAIGN-CON-094,90,false,false,PROFILE-CON-094,CONSENT-CON-094,granted
REC-CON-0095,COMMIT-CON-0095,RISK-CON-0095,ACC-CON-095,Synthetic Construction Partner 095,Synthetic Office Refurbishment 095,PROD-CON-06,Synthetic Interior Board B,FAMILY-PLASTERBOARD,m2,EUR,500,4030,500,0,14,7000,0,contractual,2026-10-09,CONSTRAINT-CON-06,POOL-CON-06,true,false,synthetic,true,proposal,2,INV-CON-06,Material installation,2026-10-10,Synthetic Project Site 0095,false,,not_requested,,0,,false,0,0,false,account.owner.095@example.com,sales.manager@example.com,supply.planner@example.com,qualification.reviewer@example.com,false,2026-10-02,DEMAND-CON-095,CAMPAIGN-CON-095,100,false,false,PROFILE-CON-095,CONSENT-CON-095,granted
REC-CON-0096,COMMIT-CON-0096,RISK-CON-0096,ACC-CON-096,Synthetic Construction Partner 096,Synthetic School Renovation 096,PROD-CON-07,Synthetic Ceiling Board C,FAMILY-PLASTERBOARD,m2,EUR,140,5258,140,0,16,2240,0,contractual,2026-11-05,CONSTRAINT-CON-07,POOL-CON-07,true,false,synthetic,true,proposal,7,INV-CON-07,Material installation,2026-11-06,Synthetic Project Site 0096,false,,not_requested,,0,,false,0,0,false,account.owner.096@example.com,sales.manager@example.com,supply.planner@example.com,qualification.reviewer@example.com,false,2026-10-02,DEMAND-CON-096,CAMPAIGN-CON-096,110,false,false,PROFILE-CON-096,CONSENT-CON-096,granted
REC-CON-0097,COMMIT-CON-0097,RISK-CON-0097,ACC-CON-097,Synthetic Construction Partner 097,Synthetic Apartments 097,PROD-CON-08,Synthetic Partition Board D,FAMILY-PLASTERBOARD,m2,EUR,310,4335,255,55,17,5270,935,standard,2026-10-10,CONSTRAINT-CON-08,POOL-CON-08,true,false,synthetic,true,proposal,15,INV-CON-08,Material installation,2026-10-11,Synthetic Project Site 0097,false,,not_requested,,0,,false,0,55,false,account.owner.097@example.com,sales.manager@example.com,supply.planner@example.com,qualification.reviewer@example.com,false,2026-10-02,DEMAND-CON-097,CAMPAIGN-CON-097,120,false,false,PROFILE-CON-097,CONSENT-CON-097,granted
REC-CON-0098,COMMIT-CON-0098,RISK-CON-0098,ACC-CON-098,Synthetic Construction Partner 098,Synthetic Office Refurbishment 098,PROD-CON-10,Synthetic Window Assembly B,FAMILY-WINDOWS,unit,EUR,25,378,0,25,450,11250,11250,standard,2026-10-16,CONSTRAINT-CON-10,POOL-CON-10,true,false,synthetic,true,proposal,17,INV-CON-10,Material installation,2026-10-17,Synthetic Project Site 0098,false,,not_requested,,0,,false,0,25,false,account.owner.098@example.com,sales.manager@example.com,supply.planner@example.com,qualification.reviewer@example.com,false,2026-10-02,DEMAND-CON-098,CAMPAIGN-CON-098,13,false,false,PROFILE-CON-098,CONSENT-CON-098,granted
REC-CON-0099,COMMIT-CON-0099,RISK-CON-0099,ACC-CON-099,Synthetic Construction Partner 099,Synthetic School Renovation 099,PROD-CON-11,Synthetic Window Assembly C,FAMILY-WINDOWS,unit,EUR,41,432,0,41,500,20500,20500,standard,2026-10-14,CONSTRAINT-CON-11,POOL-CON-11,true,false,synthetic,true,proposal,20,INV-CON-11,Material installation,2026-10-15,Synthetic Project Site 0099,false,,not_requested,,0,,false,0,41,false,account.owner.099@example.com,sales.manager@example.com,supply.planner@example.com,qualification.reviewer@example.com,false,2026-10-02,DEMAND-CON-099,CAMPAIGN-CON-099,14,false,false,PROFILE-CON-099,CONSENT-CON-099,granted
REC-CON-0100,COMMIT-CON-0100,RISK-CON-0100,ACC-CON-100,Synthetic Construction Partner 100,Synthetic Apartments 100,PROD-CON-12,Synthetic Window Assembly D,FAMILY-WINDOWS,unit,EUR,18,420,0,18,550,9900,9900,standard,2026-10-31,CONSTRAINT-CON-12,POOL-CON-12,true,false,synthetic,true,proposal,22,INV-CON-12,Material installation,2026-11-01,Synthetic Project Site 0100,false,,not_requested,,0,,false,0,18,false,account.owner.100@example.com,sales.manager@example.com,supply.planner@example.com,qualification.reviewer@example.com,false,2026-10-02,DEMAND-CON-100,CAMPAIGN-CON-100,5,false,false,PROFILE-CON-100,CONSENT-CON-100,denied
REC-CON-0101,COMMIT-CON-0101,RISK-CON-0101,ACC-CON-001,Synthetic Alder School Builders,Synthetic Office Refurbishment 101,PROD-CON-03,Synthetic Floor Insulation C,FAMILY-INSULATION,m2,EUR,460,5115,460,0,24,11040,0,contractual,2026-10-23,CONSTRAINT-CON-03,POOL-CON-03,true,false,synthetic,true,proposal,7,INV-CON-03,Material installation,2026-10-24,Synthetic Project Site 0101,false,,not_requested,,0,,false,0,0,false,account.owner.001@example.com,sales.manager@example.com,supply.planner@example.com,qualification.reviewer@example.com,false,2026-10-02,,,,,,PROFILE-CON-001,CONSENT-CON-001,granted
REC-CON-0102,COMMIT-CON-0102,RISK-CON-0102,ACC-CON-002,Synthetic Birch Apartment Contractors,Synthetic School Renovation 102,PROD-CON-04,Synthetic Roof Insulation D,FAMILY-INSULATION,m2,EUR,400,4998,400,0,28,11200,0,strategic,2026-11-02,CONSTRAINT-CON-04,POOL-CON-04,true,false,synthetic,true,proposal,15,INV-CON-04,Material installation,2026-11-03,Synthetic Project Site 0102,false,,not_requested,,0,,false,0,0,false,account.owner.002@example.com,sales.manager@example.com,supply.planner@example.com,qualification.reviewer@example.com,false,2026-10-02,,,,,,PROFILE-CON-002,CONSENT-CON-002,granted
REC-CON-0103,COMMIT-CON-0103,RISK-CON-0103,ACC-CON-003,Synthetic Cedar Office Refurbishers,Synthetic Apartments 103,PROD-CON-06,Synthetic Interior Board B,FAMILY-PLASTERBOARD,m2,EUR,220,4030,220,0,14,3080,0,contractual,2026-10-11,CONSTRAINT-CON-06,POOL-CON-06,true,false,synthetic,true,proposal,3,INV-CON-06,Material installation,2026-10-12,Synthetic Project Site 0103,false,,not_requested,,0,,false,0,0,false,account.owner.003@example.com,sales.manager@example.com,supply.planner@example.com,qualification.reviewer@example.com,false,2026-10-02,,,,,,PROFILE-CON-003,CONSENT-CON-003,granted
REC-CON-0104,COMMIT-CON-0104,RISK-CON-0104,ACC-CON-004,Synthetic Dune Civic Builders,Synthetic Office Refurbishment 104,PROD-CON-07,Synthetic Ceiling Board C,FAMILY-PLASTERBOARD,m2,EUR,370,5258,370,0,16,5920,0,strategic,2026-10-19,CONSTRAINT-CON-07,POOL-CON-07,true,false,synthetic,true,proposal,10,INV-CON-07,Material installation,2026-10-20,Synthetic Project Site 0104,false,,not_requested,,0,,false,0,0,false,account.owner.004@example.com,sales.manager@example.com,supply.planner@example.com,qualification.reviewer@example.com,false,2026-10-02,,,,,,PROFILE-CON-004,CONSENT-CON-004,granted
REC-CON-0105,COMMIT-CON-0105,RISK-CON-0105,ACC-CON-005,Synthetic Elm Housing Contractors,Synthetic School Renovation 105,PROD-CON-08,Synthetic Partition Board D,FAMILY-PLASTERBOARD,m2,EUR,360,4335,0,360,17,6120,6120,standard,2026-10-22,CONSTRAINT-CON-08,POOL-CON-08,true,false,synthetic,true,proposal,20,INV-CON-08,Material installation,2026-10-23,Synthetic Project Site 0105,false,,not_requested,,0,,false,0,360,false,account.owner.005@example.com,sales.manager@example.com,supply.planner@example.com,qualification.reviewer@example.com,false,2026-10-02,,,,,,PROFILE-CON-005,CONSENT-CON-005,granted
REC-CON-0106,COMMIT-CON-0106,RISK-CON-0106,ACC-CON-006,Synthetic Fern Workplace Builders,Synthetic Apartments 106,PROD-CON-10,Synthetic Window Assembly B,FAMILY-WINDOWS,unit,EUR,13,378,0,13,450,5850,5850,standard,2026-10-29,CONSTRAINT-CON-10,POOL-CON-10,true,false,synthetic,true,proposal,20,INV-CON-10,Material installation,2026-10-30,Synthetic Project Site 0106,false,,not_requested,,0,,false,0,13,false,account.owner.006@example.com,sales.manager@example.com,supply.planner@example.com,qualification.reviewer@example.com,false,2026-10-02,,,,,,PROFILE-CON-006,CONSENT-CON-006,granted
REC-CON-0107,COMMIT-CON-0107,RISK-CON-0107,ACC-CON-007,Synthetic Grove School Contractors,Synthetic Office Refurbishment 107,PROD-CON-11,Synthetic Window Assembly C,FAMILY-WINDOWS,unit,EUR,16,432,16,0,500,8000,0,strategic,2026-10-09,CONSTRAINT-CON-11,POOL-CON-11,true,false,synthetic,true,proposal,7,INV-CON-11,Material installation,2026-10-10,Synthetic Project Site 0107,false,,not_requested,,0,,false,0,0,false,account.owner.007@example.com,sales.manager@example.com,supply.planner@example.com,qualification.reviewer@example.com,false,2026-10-02,,,,,,PROFILE-CON-007,CONSENT-CON-007,granted
REC-CON-0108,COMMIT-CON-0108,RISK-CON-0108,ACC-CON-008,Synthetic Harbor Residential Builders,Synthetic School Renovation 108,PROD-CON-12,Synthetic Window Assembly D,FAMILY-WINDOWS,unit,EUR,31,420,31,0,550,17050,0,contractual,2026-11-02,CONSTRAINT-CON-12,POOL-CON-12,true,false,synthetic,true,proposal,7,INV-CON-12,Material installation,2026-11-03,Synthetic Project Site 0108,false,,not_requested,,0,,false,0,0,false,account.owner.008@example.com,sales.manager@example.com,supply.planner@example.com,qualification.reviewer@example.com,false,2026-10-02,,,,,,PROFILE-CON-008,CONSENT-CON-008,granted
REC-CON-0109,COMMIT-CON-0109,RISK-CON-0109,ACC-CON-009,Synthetic Iris Office Contractors,Synthetic Apartments 109,PROD-CON-03,Synthetic Floor Insulation C,FAMILY-INSULATION,m2,EUR,250,5115,250,0,24,6000,0,contractual,2026-10-14,CONSTRAINT-CON-03,POOL-CON-03,true,false,synthetic,true,proposal,4,INV-CON-03,Material installation,2026-10-15,Synthetic Project Site 0109,false,,not_requested,,0,,false,0,0,false,account.owner.009@example.com,sales.manager@example.com,supply.planner@example.com,qualification.reviewer@example.com,false,2026-10-02,,,,,,PROFILE-CON-009,CONSENT-CON-009,granted
REC-CON-0110,COMMIT-CON-0110,RISK-CON-0110,ACC-CON-010,Synthetic Juniper Learning Builders,Synthetic Office Refurbishment 110,PROD-CON-04,Synthetic Roof Insulation D,FAMILY-INSULATION,m2,EUR,440,4998,440,0,28,12320,0,contractual,2026-10-22,CONSTRAINT-CON-04,POOL-CON-04,true,false,synthetic,true,proposal,2,INV-CON-04,Material installation,2026-10-23,Synthetic Project Site 0110,false,,not_requested,,0,,false,0,0,false,account.owner.010@example.com,sales.manager@example.com,supply.planner@example.com,qualification.reviewer@example.com,false,2026-10-02,,,,,,PROFILE-CON-010,CONSENT-CON-010,denied
REC-CON-0111,COMMIT-CON-0111,RISK-CON-0111,ACC-CON-011,Synthetic Kite Apartment Contractors,Synthetic School Renovation 111,PROD-CON-06,Synthetic Interior Board B,FAMILY-PLASTERBOARD,m2,EUR,370,4030,370,0,14,5180,0,strategic,2026-10-13,CONSTRAINT-CON-06,POOL-CON-06,true,false,synthetic,true,proposal,12,INV-CON-06,Material installation,2026-10-14,Synthetic Project Site 0111,false,,not_requested,,0,,false,0,0,false,account.owner.011@example.com,sales.manager@example.com,supply.planner@example.com,qualification.reviewer@example.com,false,2026-10-02,,,,,,PROFILE-CON-011,CONSENT-CON-011,granted
REC-CON-0112,COMMIT-CON-0112,RISK-CON-0112,ACC-CON-012,Synthetic Linden Office Builders,Synthetic Apartments 112,PROD-CON-07,Synthetic Ceiling Board C,FAMILY-PLASTERBOARD,m2,EUR,390,5258,390,0,16,6240,0,contractual,2026-10-15,CONSTRAINT-CON-07,POOL-CON-07,true,false,synthetic,true,proposal,2,INV-CON-07,Material installation,2026-10-16,Synthetic Project Site 0112,false,,not_requested,,0,,false,0,0,false,account.owner.012@example.com,sales.manager@example.com,supply.planner@example.com,qualification.reviewer@example.com,false,2026-10-02,,,,,,PROFILE-CON-012,CONSENT-CON-012,granted
REC-CON-0113,COMMIT-CON-0113,RISK-CON-0113,ACC-CON-013,Synthetic Construction Partner 013,Synthetic Office Refurbishment 113,PROD-CON-08,Synthetic Partition Board D,FAMILY-PLASTERBOARD,m2,EUR,380,4335,0,380,17,6460,6460,standard,2026-11-02,CONSTRAINT-CON-08,POOL-CON-08,true,false,synthetic,true,proposal,23,INV-CON-08,Material installation,2026-11-03,Synthetic Project Site 0113,false,,not_requested,,0,,false,0,380,false,account.owner.013@example.com,sales.manager@example.com,supply.planner@example.com,qualification.reviewer@example.com,false,2026-10-02,,,,,,PROFILE-CON-013,CONSENT-CON-013,granted
REC-CON-0114,COMMIT-CON-0114,RISK-CON-0114,ACC-CON-014,Synthetic Construction Partner 014,Synthetic School Renovation 114,PROD-CON-10,Synthetic Window Assembly B,FAMILY-WINDOWS,unit,EUR,16,378,16,0,450,7200,0,standard,2026-10-09,CONSTRAINT-CON-10,POOL-CON-10,true,false,synthetic,true,proposal,15,INV-CON-10,Material installation,2026-10-10,Synthetic Project Site 0114,false,,not_requested,,0,,false,0,0,false,account.owner.014@example.com,sales.manager@example.com,supply.planner@example.com,qualification.reviewer@example.com,false,2026-10-02,,,,,,PROFILE-CON-014,CONSENT-CON-014,granted
REC-CON-0115,COMMIT-CON-0115,RISK-CON-0115,ACC-CON-015,Synthetic Construction Partner 015,Synthetic Apartments 115,PROD-CON-11,Synthetic Window Assembly C,FAMILY-WINDOWS,unit,EUR,44,432,44,0,500,22000,0,contractual,2026-11-03,CONSTRAINT-CON-11,POOL-CON-11,true,false,synthetic,true,proposal,6,INV-CON-11,Material installation,2026-11-04,Synthetic Project Site 0115,false,,not_requested,,0,,false,0,0,false,account.owner.015@example.com,sales.manager@example.com,supply.planner@example.com,qualification.reviewer@example.com,false,2026-10-02,,,,,,PROFILE-CON-015,CONSENT-CON-015,granted
REC-CON-0116,COMMIT-CON-0116,RISK-CON-0116,ACC-CON-016,Synthetic Construction Partner 016,Synthetic Office Refurbishment 116,PROD-CON-12,Synthetic Window Assembly D,FAMILY-WINDOWS,unit,EUR,15,420,15,0,550,8250,0,contractual,2026-11-06,CONSTRAINT-CON-12,POOL-CON-12,true,false,synthetic,true,proposal,9,INV-CON-12,Material installation,2026-11-07,Synthetic Project Site 0116,false,,not_requested,,0,,false,0,0,false,account.owner.016@example.com,sales.manager@example.com,supply.planner@example.com,qualification.reviewer@example.com,false,2026-10-02,,,,,,PROFILE-CON-016,CONSENT-CON-016,granted
REC-CON-0117,COMMIT-CON-0117,RISK-CON-0117,ACC-CON-017,Synthetic Construction Partner 017,Synthetic School Renovation 117,PROD-CON-03,Synthetic Floor Insulation C,FAMILY-INSULATION,m2,EUR,200,5115,200,0,24,4800,0,strategic,2026-10-21,CONSTRAINT-CON-03,POOL-CON-03,true,false,synthetic,true,proposal,12,INV-CON-03,Material installation,2026-10-22,Synthetic Project Site 0117,false,,not_requested,,0,,false,0,0,false,account.owner.017@example.com,sales.manager@example.com,supply.planner@example.com,qualification.reviewer@example.com,false,2026-10-02,,,,,,PROFILE-CON-017,CONSENT-CON-017,granted
REC-CON-0118,COMMIT-CON-0118,RISK-CON-0118,ACC-CON-018,Synthetic Construction Partner 018,Synthetic Apartments 118,PROD-CON-04,Synthetic Roof Insulation D,FAMILY-INSULATION,m2,EUR,400,4998,400,0,28,11200,0,strategic,2026-10-14,CONSTRAINT-CON-04,POOL-CON-04,true,false,synthetic,true,proposal,6,INV-CON-04,Material installation,2026-10-15,Synthetic Project Site 0118,false,,not_requested,,0,,false,0,0,false,account.owner.018@example.com,sales.manager@example.com,supply.planner@example.com,qualification.reviewer@example.com,false,2026-10-02,,,,,,PROFILE-CON-018,CONSENT-CON-018,granted
REC-CON-0119,COMMIT-CON-0119,RISK-CON-0119,ACC-CON-019,Synthetic Construction Partner 019,Synthetic Office Refurbishment 119,PROD-CON-06,Synthetic Interior Board B,FAMILY-PLASTERBOARD,m2,EUR,130,4030,130,0,14,1820,0,strategic,2026-10-13,CONSTRAINT-CON-06,POOL-CON-06,true,false,synthetic,true,proposal,13,INV-CON-06,Material installation,2026-10-14,Synthetic Project Site 0119,false,,not_requested,,0,,false,0,0,false,account.owner.019@example.com,sales.manager@example.com,supply.planner@example.com,qualification.reviewer@example.com,false,2026-10-02,,,,,,PROFILE-CON-019,CONSENT-CON-019,granted
REC-CON-0120,COMMIT-CON-0120,RISK-CON-0120,ACC-CON-020,Synthetic Construction Partner 020,Synthetic School Renovation 120,PROD-CON-07,Synthetic Ceiling Board C,FAMILY-PLASTERBOARD,m2,EUR,100,5258,100,0,16,1600,0,strategic,2026-10-20,CONSTRAINT-CON-07,POOL-CON-07,true,false,synthetic,true,proposal,12,INV-CON-07,Material installation,2026-10-21,Synthetic Project Site 0120,false,,not_requested,,0,,false,0,0,false,account.owner.020@example.com,sales.manager@example.com,supply.planner@example.com,qualification.reviewer@example.com,false,2026-10-02,,,,,,PROFILE-CON-020,CONSENT-CON-020,denied
REC-CON-0121,COMMIT-CON-0121,RISK-CON-0121,ACC-CON-021,Synthetic Construction Partner 021,Synthetic Apartments 121,PROD-CON-08,Synthetic Partition Board D,FAMILY-PLASTERBOARD,m2,EUR,390,4335,390,0,17,6630,0,strategic,2026-10-17,CONSTRAINT-CON-08,POOL-CON-08,true,false,synthetic,true,proposal,11,INV-CON-08,Material installation,2026-10-18,Synthetic Project Site 0121,false,,not_requested,,0,,false,0,0,false,account.owner.021@example.com,sales.manager@example.com,supply.planner@example.com,qualification.reviewer@example.com,false,2026-10-02,,,,,,PROFILE-CON-021,CONSENT-CON-021,granted
REC-CON-0122,COMMIT-CON-0122,RISK-CON-0122,ACC-CON-022,Synthetic Construction Partner 022,Synthetic Office Refurbishment 122,PROD-CON-10,Synthetic Window Assembly B,FAMILY-WINDOWS,unit,EUR,45,378,0,45,450,20250,20250,standard,2026-10-29,CONSTRAINT-CON-10,POOL-CON-10,true,false,synthetic,true,proposal,21,INV-CON-10,Material installation,2026-10-30,Synthetic Project Site 0122,false,,not_requested,,0,,false,0,45,false,account.owner.022@example.com,sales.manager@example.com,supply.planner@example.com,qualification.reviewer@example.com,false,2026-10-02,,,,,,PROFILE-CON-022,CONSENT-CON-022,granted
REC-CON-0123,COMMIT-CON-0123,RISK-CON-0123,ACC-CON-023,Synthetic Construction Partner 023,Synthetic School Renovation 123,PROD-CON-11,Synthetic Window Assembly C,FAMILY-WINDOWS,unit,EUR,41,432,41,0,500,20500,0,contractual,2026-10-12,CONSTRAINT-CON-11,POOL-CON-11,true,false,synthetic,true,proposal,1,INV-CON-11,Material installation,2026-10-13,Synthetic Project Site 0123,false,,not_requested,,0,,false,0,0,false,account.owner.023@example.com,sales.manager@example.com,supply.planner@example.com,qualification.reviewer@example.com,false,2026-10-02,,,,,,PROFILE-CON-023,CONSENT-CON-023,granted
REC-CON-0124,COMMIT-CON-0124,RISK-CON-0124,ACC-CON-024,Synthetic Construction Partner 024,Synthetic Apartments 124,PROD-CON-12,Synthetic Window Assembly D,FAMILY-WINDOWS,unit,EUR,28,420,28,0,550,15400,0,contractual,2026-10-14,CONSTRAINT-CON-12,POOL-CON-12,true,false,synthetic,true,proposal,1,INV-CON-12,Material installation,2026-10-15,Synthetic Project Site 0124,false,,not_requested,,0,,false,0,0,false,account.owner.024@example.com,sales.manager@example.com,supply.planner@example.com,qualification.reviewer@example.com,false,2026-10-02,,,,,,PROFILE-CON-024,CONSENT-CON-024,granted
REC-CON-0125,COMMIT-CON-0125,RISK-CON-0125,ACC-CON-025,Synthetic Construction Partner 025,Synthetic Office Refurbishment 125,PROD-CON-03,Synthetic Floor Insulation C,FAMILY-INSULATION,m2,EUR,470,5115,0,470,24,11280,11280,standard,2026-10-31,CONSTRAINT-CON-03,POOL-CON-03,true,false,synthetic,true,proposal,23,INV-CON-03,Material installation,2026-11-01,Synthetic Project Site 0125,false,,not_requested,,0,,false,0,470,false,account.owner.025@example.com,sales.manager@example.com,supply.planner@example.com,qualification.reviewer@example.com,false,2026-10-02,,,,,,PROFILE-CON-025,CONSENT-CON-025,granted
REC-CON-0126,COMMIT-CON-0126,RISK-CON-0126,ACC-CON-026,Synthetic Construction Partner 026,Synthetic School Renovation 126,PROD-CON-04,Synthetic Roof Insulation D,FAMILY-INSULATION,m2,EUR,130,4998,130,0,28,3640,0,strategic,2026-10-31,CONSTRAINT-CON-04,POOL-CON-04,true,false,synthetic,true,proposal,14,INV-CON-04,Material installation,2026-11-01,Synthetic Project Site 0126,false,,not_requested,,0,,false,0,0,false,account.owner.026@example.com,sales.manager@example.com,supply.planner@example.com,qualification.reviewer@example.com,false,2026-10-02,,,,,,PROFILE-CON-026,CONSENT-CON-026,granted
REC-CON-0127,COMMIT-CON-0127,RISK-CON-0127,ACC-CON-027,Synthetic Construction Partner 027,Synthetic Apartments 127,PROD-CON-06,Synthetic Interior Board B,FAMILY-PLASTERBOARD,m2,EUR,130,4030,0,130,14,1820,1820,standard,2026-10-09,CONSTRAINT-CON-06,POOL-CON-06,true,false,synthetic,true,proposal,18,INV-CON-06,Material installation,2026-10-10,Synthetic Project Site 0127,false,,not_requested,,0,,false,0,130,false,account.owner.027@example.com,sales.manager@example.com,supply.planner@example.com,qualification.reviewer@example.com,false,2026-10-02,,,,,,PROFILE-CON-027,CONSENT-CON-027,granted
REC-CON-0128,COMMIT-CON-0128,RISK-CON-0128,ACC-CON-028,Synthetic Construction Partner 028,Synthetic Office Refurbishment 128,PROD-CON-07,Synthetic Ceiling Board C,FAMILY-PLASTERBOARD,m2,EUR,400,5258,0,400,16,6400,6400,standard,2026-10-24,CONSTRAINT-CON-07,POOL-CON-07,true,false,synthetic,true,proposal,21,INV-CON-07,Material installation,2026-10-25,Synthetic Project Site 0128,false,,not_requested,,0,,false,0,400,false,account.owner.028@example.com,sales.manager@example.com,supply.planner@example.com,qualification.reviewer@example.com,false,2026-10-02,,,,,,PROFILE-CON-028,CONSENT-CON-028,granted
REC-CON-0129,COMMIT-CON-0129,RISK-CON-0129,ACC-CON-029,Synthetic Construction Partner 029,Synthetic School Renovation 129,PROD-CON-08,Synthetic Partition Board D,FAMILY-PLASTERBOARD,m2,EUR,200,4335,200,0,17,3400,0,standard,2026-10-09,CONSTRAINT-CON-08,POOL-CON-08,true,false,synthetic,true,proposal,14,INV-CON-08,Material installation,2026-10-10,Synthetic Project Site 0129,false,,not_requested,,0,,false,0,0,false,account.owner.029@example.com,sales.manager@example.com,supply.planner@example.com,qualification.reviewer@example.com,false,2026-10-02,,,,,,PROFILE-CON-029,CONSENT-CON-029,granted
REC-CON-0130,COMMIT-CON-0130,RISK-CON-0130,ACC-CON-030,Synthetic Construction Partner 030,Synthetic Apartments 130,PROD-CON-10,Synthetic Window Assembly B,FAMILY-WINDOWS,unit,EUR,15,378,15,0,450,6750,0,contractual,2026-11-04,CONSTRAINT-CON-10,POOL-CON-10,true,false,synthetic,true,proposal,6,INV-CON-10,Material installation,2026-11-05,Synthetic Project Site 0130,false,,not_requested,,0,,false,0,0,false,account.owner.030@example.com,sales.manager@example.com,supply.planner@example.com,qualification.reviewer@example.com,false,2026-10-02,,,,,,PROFILE-CON-030,CONSENT-CON-030,denied
REC-CON-0131,COMMIT-CON-0131,RISK-CON-0131,ACC-CON-031,Synthetic Construction Partner 031,Synthetic Office Refurbishment 131,PROD-CON-11,Synthetic Window Assembly C,FAMILY-WINDOWS,unit,EUR,14,432,14,0,500,7000,0,contractual,2026-10-27,CONSTRAINT-CON-11,POOL-CON-11,true,false,synthetic,true,proposal,4,INV-CON-11,Material installation,2026-10-28,Synthetic Project Site 0131,false,,not_requested,,0,,false,0,0,false,account.owner.031@example.com,sales.manager@example.com,supply.planner@example.com,qualification.reviewer@example.com,false,2026-10-02,,,,,,PROFILE-CON-031,CONSENT-CON-031,granted
REC-CON-0132,COMMIT-CON-0132,RISK-CON-0132,ACC-CON-032,Synthetic Construction Partner 032,Synthetic School Renovation 132,PROD-CON-12,Synthetic Window Assembly D,FAMILY-WINDOWS,unit,EUR,25,420,25,0,550,13750,0,contractual,2026-10-20,CONSTRAINT-CON-12,POOL-CON-12,true,false,synthetic,true,proposal,4,INV-CON-12,Material installation,2026-10-21,Synthetic Project Site 0132,false,,not_requested,,0,,false,0,0,false,account.owner.032@example.com,sales.manager@example.com,supply.planner@example.com,qualification.reviewer@example.com,false,2026-10-02,,,,,,PROFILE-CON-032,CONSENT-CON-032,granted
REC-CON-0133,COMMIT-CON-0133,RISK-CON-0133,ACC-CON-033,Synthetic Construction Partner 033,Synthetic Apartments 133,PROD-CON-03,Synthetic Floor Insulation C,FAMILY-INSULATION,m2,EUR,460,5115,0,460,24,11040,11040,standard,2026-10-15,CONSTRAINT-CON-03,POOL-CON-03,true,false,synthetic,true,proposal,18,INV-CON-03,Material installation,2026-10-16,Synthetic Project Site 0133,false,,not_requested,,0,,false,0,460,false,account.owner.033@example.com,sales.manager@example.com,supply.planner@example.com,qualification.reviewer@example.com,false,2026-10-02,,,,,,PROFILE-CON-033,CONSENT-CON-033,granted
REC-CON-0134,COMMIT-CON-0134,RISK-CON-0134,ACC-CON-034,Synthetic Construction Partner 034,Synthetic Office Refurbishment 134,PROD-CON-04,Synthetic Roof Insulation D,FAMILY-INSULATION,m2,EUR,480,4998,0,480,28,13440,13440,standard,2026-10-09,CONSTRAINT-CON-04,POOL-CON-04,true,false,synthetic,true,proposal,18,INV-CON-04,Material installation,2026-10-10,Synthetic Project Site 0134,false,,not_requested,,0,,false,0,480,false,account.owner.034@example.com,sales.manager@example.com,supply.planner@example.com,qualification.reviewer@example.com,false,2026-10-02,,,,,,PROFILE-CON-034,CONSENT-CON-034,granted
REC-CON-0135,COMMIT-CON-0135,RISK-CON-0135,ACC-CON-035,Synthetic Construction Partner 035,Synthetic School Renovation 135,PROD-CON-06,Synthetic Interior Board B,FAMILY-PLASTERBOARD,m2,EUR,150,4030,0,150,14,2100,2100,standard,2026-10-21,CONSTRAINT-CON-06,POOL-CON-06,true,false,synthetic,true,proposal,23,INV-CON-06,Material installation,2026-10-22,Synthetic Project Site 0135,false,,not_requested,,0,,false,0,150,false,account.owner.035@example.com,sales.manager@example.com,supply.planner@example.com,qualification.reviewer@example.com,false,2026-10-02,,,,,,PROFILE-CON-035,CONSENT-CON-035,granted
REC-CON-0136,COMMIT-CON-0136,RISK-CON-0136,ACC-CON-036,Synthetic Construction Partner 036,Synthetic Apartments 136,PROD-CON-07,Synthetic Ceiling Board C,FAMILY-PLASTERBOARD,m2,EUR,470,5258,0,470,16,7520,7520,standard,2026-10-26,CONSTRAINT-CON-07,POOL-CON-07,true,false,synthetic,true,proposal,22,INV-CON-07,Material installation,2026-10-27,Synthetic Project Site 0136,false,,not_requested,,0,,false,0,470,false,account.owner.036@example.com,sales.manager@example.com,supply.planner@example.com,qualification.reviewer@example.com,false,2026-10-02,,,,,,PROFILE-CON-036,CONSENT-CON-036,granted
REC-CON-0137,COMMIT-CON-0137,RISK-CON-0137,ACC-CON-037,Synthetic Construction Partner 037,Synthetic Office Refurbishment 137,PROD-CON-08,Synthetic Partition Board D,FAMILY-PLASTERBOARD,m2,EUR,300,4335,300,0,17,5100,0,strategic,2026-11-06,CONSTRAINT-CON-08,POOL-CON-08,true,false,synthetic,true,proposal,13,INV-CON-08,Material installation,2026-11-07,Synthetic Project Site 0137,false,,not_requested,,0,,false,0,0,false,account.owner.037@example.com,sales.manager@example.com,supply.planner@example.com,qualification.reviewer@example.com,false,2026-10-02,,,,,,PROFILE-CON-037,CONSENT-CON-037,granted
REC-CON-0138,COMMIT-CON-0138,RISK-CON-0138,ACC-CON-038,Synthetic Construction Partner 038,Synthetic School Renovation 138,PROD-CON-10,Synthetic Window Assembly B,FAMILY-WINDOWS,unit,EUR,23,378,0,23,450,10350,10350,standard,2026-10-29,CONSTRAINT-CON-10,POOL-CON-10,true,false,synthetic,true,proposal,22,INV-CON-10,Material installation,2026-10-30,Synthetic Project Site 0138,false,,not_requested,,0,,false,0,23,false,account.owner.038@example.com,sales.manager@example.com,supply.planner@example.com,qualification.reviewer@example.com,false,2026-10-02,,,,,,PROFILE-CON-038,CONSENT-CON-038,granted
REC-CON-0139,COMMIT-CON-0139,RISK-CON-0139,ACC-CON-039,Synthetic Construction Partner 039,Synthetic Apartments 139,PROD-CON-11,Synthetic Window Assembly C,FAMILY-WINDOWS,unit,EUR,30,432,30,0,500,15000,0,strategic,2026-10-15,CONSTRAINT-CON-11,POOL-CON-11,true,false,synthetic,true,proposal,12,INV-CON-11,Material installation,2026-10-16,Synthetic Project Site 0139,false,,not_requested,,0,,false,0,0,false,account.owner.039@example.com,sales.manager@example.com,supply.planner@example.com,qualification.reviewer@example.com,false,2026-10-02,,,,,,PROFILE-CON-039,CONSENT-CON-039,granted
REC-CON-0140,COMMIT-CON-0140,RISK-CON-0140,ACC-CON-040,Synthetic Construction Partner 040,Synthetic Office Refurbishment 140,PROD-CON-12,Synthetic Window Assembly D,FAMILY-WINDOWS,unit,EUR,35,420,0,35,550,19250,19250,standard,2026-10-12,CONSTRAINT-CON-12,POOL-CON-12,true,false,synthetic,true,proposal,16,INV-CON-12,Material installation,2026-10-13,Synthetic Project Site 0140,false,,not_requested,,0,,false,0,35,false,account.owner.040@example.com,sales.manager@example.com,supply.planner@example.com,qualification.reviewer@example.com,false,2026-10-02,,,,,,PROFILE-CON-040,CONSENT-CON-040,denied
REC-CON-0141,COMMIT-CON-0141,RISK-CON-0141,ACC-CON-041,Synthetic Construction Partner 041,Synthetic School Renovation 141,PROD-CON-03,Synthetic Floor Insulation C,FAMILY-INSULATION,m2,EUR,290,5115,290,0,24,6960,0,strategic,2026-10-22,CONSTRAINT-CON-03,POOL-CON-03,true,false,synthetic,true,proposal,13,INV-CON-03,Material installation,2026-10-23,Synthetic Project Site 0141,false,,not_requested,,0,,false,0,0,false,account.owner.041@example.com,sales.manager@example.com,supply.planner@example.com,qualification.reviewer@example.com,false,2026-10-02,,,,,,PROFILE-CON-041,CONSENT-CON-041,granted
REC-CON-0142,COMMIT-CON-0142,RISK-CON-0142,ACC-CON-042,Synthetic Construction Partner 042,Synthetic Apartments 142,PROD-CON-04,Synthetic Roof Insulation D,FAMILY-INSULATION,m2,EUR,140,4998,140,0,28,3920,0,strategic,2026-10-08,CONSTRAINT-CON-04,POOL-CON-04,true,false,synthetic,true,proposal,5,INV-CON-04,Material installation,2026-10-09,Synthetic Project Site 0142,false,,not_requested,,0,,false,0,0,false,account.owner.042@example.com,sales.manager@example.com,supply.planner@example.com,qualification.reviewer@example.com,false,2026-10-02,,,,,,PROFILE-CON-042,CONSENT-CON-042,granted
REC-CON-0143,COMMIT-CON-0143,RISK-CON-0143,ACC-CON-043,Synthetic Construction Partner 043,Synthetic Office Refurbishment 143,PROD-CON-06,Synthetic Interior Board B,FAMILY-PLASTERBOARD,m2,EUR,490,4030,490,0,14,6860,0,contractual,2026-10-26,CONSTRAINT-CON-06,POOL-CON-06,true,false,synthetic,true,proposal,6,INV-CON-06,Material installation,2026-10-27,Synthetic Project Site 0143,false,,not_requested,,0,,false,0,0,false,account.owner.043@example.com,sales.manager@example.com,supply.planner@example.com,qualification.reviewer@example.com,false,2026-10-02,,,,,,PROFILE-CON-043,CONSENT-CON-043,granted
REC-CON-0144,COMMIT-CON-0144,RISK-CON-0144,ACC-CON-044,Synthetic Construction Partner 044,Synthetic School Renovation 144,PROD-CON-07,Synthetic Ceiling Board C,FAMILY-PLASTERBOARD,m2,EUR,140,5258,140,0,16,2240,0,contractual,2026-10-25,CONSTRAINT-CON-07,POOL-CON-07,true,false,synthetic,true,proposal,4,INV-CON-07,Material installation,2026-10-26,Synthetic Project Site 0144,false,,not_requested,,0,,false,0,0,false,account.owner.044@example.com,sales.manager@example.com,supply.planner@example.com,qualification.reviewer@example.com,false,2026-10-02,,,,,,PROFILE-CON-044,CONSENT-CON-044,granted
REC-CON-0145,COMMIT-CON-0145,RISK-CON-0145,ACC-CON-045,Synthetic Construction Partner 045,Synthetic Apartments 145,PROD-CON-08,Synthetic Partition Board D,FAMILY-PLASTERBOARD,m2,EUR,420,4335,420,0,17,7140,0,contractual,2026-10-16,CONSTRAINT-CON-08,POOL-CON-08,true,false,synthetic,true,proposal,4,INV-CON-08,Material installation,2026-10-17,Synthetic Project Site 0145,false,,not_requested,,0,,false,0,0,false,account.owner.045@example.com,sales.manager@example.com,supply.planner@example.com,qualification.reviewer@example.com,false,2026-10-02,,,,,,PROFILE-CON-045,CONSENT-CON-045,granted
REC-CON-0146,COMMIT-CON-0146,RISK-CON-0146,ACC-CON-046,Synthetic Construction Partner 046,Synthetic Office Refurbishment 146,PROD-CON-10,Synthetic Window Assembly B,FAMILY-WINDOWS,unit,EUR,32,378,32,0,450,14400,0,contractual,2026-11-05,CONSTRAINT-CON-10,POOL-CON-10,true,false,synthetic,true,proposal,7,INV-CON-10,Material installation,2026-11-06,Synthetic Project Site 0146,false,,not_requested,,0,,false,0,0,false,account.owner.046@example.com,sales.manager@example.com,supply.planner@example.com,qualification.reviewer@example.com,false,2026-10-02,,,,,,PROFILE-CON-046,CONSENT-CON-046,granted
REC-CON-0147,COMMIT-CON-0147,RISK-CON-0147,ACC-CON-047,Synthetic Construction Partner 047,Synthetic School Renovation 147,PROD-CON-11,Synthetic Window Assembly C,FAMILY-WINDOWS,unit,EUR,25,432,25,0,500,12500,0,strategic,2026-10-19,CONSTRAINT-CON-11,POOL-CON-11,true,false,synthetic,true,proposal,14,INV-CON-11,Material installation,2026-10-20,Synthetic Project Site 0147,false,,not_requested,,0,,false,0,0,false,account.owner.047@example.com,sales.manager@example.com,supply.planner@example.com,qualification.reviewer@example.com,false,2026-10-02,,,,,,PROFILE-CON-047,CONSENT-CON-047,granted
REC-CON-0148,COMMIT-CON-0148,RISK-CON-0148,ACC-CON-048,Synthetic Construction Partner 048,Synthetic Apartments 148,PROD-CON-12,Synthetic Window Assembly D,FAMILY-WINDOWS,unit,EUR,20,420,0,20,550,11000,11000,standard,2026-10-22,CONSTRAINT-CON-12,POOL-CON-12,true,false,synthetic,true,proposal,20,INV-CON-12,Material installation,2026-10-23,Synthetic Project Site 0148,false,,not_requested,,0,,false,0,20,false,account.owner.048@example.com,sales.manager@example.com,supply.planner@example.com,qualification.reviewer@example.com,false,2026-10-02,,,,,,PROFILE-CON-048,CONSENT-CON-048,granted
REC-CON-0149,COMMIT-CON-0149,RISK-CON-0149,ACC-CON-049,Synthetic Construction Partner 049,Synthetic Office Refurbishment 149,PROD-CON-03,Synthetic Floor Insulation C,FAMILY-INSULATION,m2,EUR,290,5115,0,290,24,6960,6960,standard,2026-10-27,CONSTRAINT-CON-03,POOL-CON-03,true,false,synthetic,true,proposal,21,INV-CON-03,Material installation,2026-10-28,Synthetic Project Site 0149,false,,not_requested,,0,,false,0,290,false,account.owner.049@example.com,sales.manager@example.com,supply.planner@example.com,qualification.reviewer@example.com,false,2026-10-02,,,,,,PROFILE-CON-049,CONSENT-CON-049,granted
REC-CON-0150,COMMIT-CON-0150,RISK-CON-0150,ACC-CON-050,Synthetic Construction Partner 050,Synthetic School Renovation 150,PROD-CON-04,Synthetic Roof Insulation D,FAMILY-INSULATION,m2,EUR,430,4998,0,430,28,12040,12040,standard,2026-10-08,CONSTRAINT-CON-04,POOL-CON-04,true,false,synthetic,true,proposal,17,INV-CON-04,Material installation,2026-10-09,Synthetic Project Site 0150,false,,not_requested,,0,,false,0,430,false,account.owner.050@example.com,sales.manager@example.com,supply.planner@example.com,qualification.reviewer@example.com,false,2026-10-02,,,,,,PROFILE-CON-050,CONSENT-CON-050,denied
REC-CON-0151,COMMIT-CON-0151,RISK-CON-0151,ACC-CON-051,Synthetic Construction Partner 051,Synthetic Apartments 151,PROD-CON-06,Synthetic Interior Board B,FAMILY-PLASTERBOARD,m2,EUR,450,4030,0,450,14,6300,6300,standard,2026-10-17,CONSTRAINT-CON-06,POOL-CON-06,true,false,synthetic,true,proposal,21,INV-CON-06,Material installation,2026-10-18,Synthetic Project Site 0151,false,,not_requested,,0,,false,0,450,false,account.owner.051@example.com,sales.manager@example.com,supply.planner@example.com,qualification.reviewer@example.com,false,2026-10-02,,,,,,PROFILE-CON-051,CONSENT-CON-051,granted
REC-CON-0152,COMMIT-CON-0152,RISK-CON-0152,ACC-CON-052,Synthetic Construction Partner 052,Synthetic Office Refurbishment 152,PROD-CON-07,Synthetic Ceiling Board C,FAMILY-PLASTERBOARD,m2,EUR,160,5258,160,0,16,2560,0,contractual,2026-11-05,CONSTRAINT-CON-07,POOL-CON-07,true,false,synthetic,true,proposal,8,INV-CON-07,Material installation,2026-11-06,Synthetic Project Site 0152,false,,not_requested,,0,,false,0,0,false,account.owner.052@example.com,sales.manager@example.com,supply.planner@example.com,qualification.reviewer@example.com,false,2026-10-02,,,,,,PROFILE-CON-052,CONSENT-CON-052,granted
REC-CON-0153,COMMIT-CON-0153,RISK-CON-0153,ACC-CON-053,Synthetic Construction Partner 053,Synthetic School Renovation 153,PROD-CON-08,Synthetic Partition Board D,FAMILY-PLASTERBOARD,m2,EUR,260,4335,260,0,17,4420,0,contractual,2026-10-11,CONSTRAINT-CON-08,POOL-CON-08,true,false,synthetic,true,proposal,3,INV-CON-08,Material installation,2026-10-12,Synthetic Project Site 0153,false,,not_requested,,0,,false,0,0,false,account.owner.053@example.com,sales.manager@example.com,supply.planner@example.com,qualification.reviewer@example.com,false,2026-10-02,,,,,,PROFILE-CON-053,CONSENT-CON-053,granted
REC-CON-0154,COMMIT-CON-0154,RISK-CON-0154,ACC-CON-054,Synthetic Construction Partner 054,Synthetic Apartments 154,PROD-CON-10,Synthetic Window Assembly B,FAMILY-WINDOWS,unit,EUR,45,378,45,0,450,20250,0,strategic,2026-10-12,CONSTRAINT-CON-10,POOL-CON-10,true,false,synthetic,true,proposal,10,INV-CON-10,Material installation,2026-10-13,Synthetic Project Site 0154,false,,not_requested,,0,,false,0,0,false,account.owner.054@example.com,sales.manager@example.com,supply.planner@example.com,qualification.reviewer@example.com,false,2026-10-02,,,,,,PROFILE-CON-054,CONSENT-CON-054,granted
REC-CON-0155,COMMIT-CON-0155,RISK-CON-0155,ACC-CON-055,Synthetic Construction Partner 055,Synthetic Office Refurbishment 155,PROD-CON-11,Synthetic Window Assembly C,FAMILY-WINDOWS,unit,EUR,28,432,28,0,500,14000,0,contractual,2026-10-27,CONSTRAINT-CON-11,POOL-CON-11,true,false,synthetic,true,proposal,5,INV-CON-11,Material installation,2026-10-28,Synthetic Project Site 0155,false,,not_requested,,0,,false,0,0,false,account.owner.055@example.com,sales.manager@example.com,supply.planner@example.com,qualification.reviewer@example.com,false,2026-10-02,,,,,,PROFILE-CON-055,CONSENT-CON-055,granted
REC-CON-0156,COMMIT-CON-0156,RISK-CON-0156,ACC-CON-056,Synthetic Construction Partner 056,Synthetic School Renovation 156,PROD-CON-12,Synthetic Window Assembly D,FAMILY-WINDOWS,unit,EUR,31,420,0,31,550,17050,17050,standard,2026-10-14,CONSTRAINT-CON-12,POOL-CON-12,true,false,synthetic,true,proposal,18,INV-CON-12,Material installation,2026-10-15,Synthetic Project Site 0156,false,,not_requested,,0,,false,0,31,false,account.owner.056@example.com,sales.manager@example.com,supply.planner@example.com,qualification.reviewer@example.com,false,2026-10-02,,,,,,PROFILE-CON-056,CONSENT-CON-056,granted
REC-CON-0157,COMMIT-CON-0157,RISK-CON-0157,ACC-CON-057,Synthetic Construction Partner 057,Synthetic Apartments 157,PROD-CON-03,Synthetic Floor Insulation C,FAMILY-INSULATION,m2,EUR,500,5115,500,0,24,12000,0,strategic,2026-11-04,CONSTRAINT-CON-03,POOL-CON-03,true,false,synthetic,true,proposal,14,INV-CON-03,Material installation,2026-11-05,Synthetic Project Site 0157,false,,not_requested,,0,,false,0,0,false,account.owner.057@example.com,sales.manager@example.com,supply.planner@example.com,qualification.reviewer@example.com,false,2026-10-02,,,,,,PROFILE-CON-057,CONSENT-CON-057,granted
REC-CON-0158,COMMIT-CON-0158,RISK-CON-0158,ACC-CON-058,Synthetic Construction Partner 058,Synthetic Office Refurbishment 158,PROD-CON-04,Synthetic Roof Insulation D,FAMILY-INSULATION,m2,EUR,420,4998,420,0,28,11760,0,strategic,2026-10-23,CONSTRAINT-CON-04,POOL-CON-04,true,false,synthetic,true,proposal,9,INV-CON-04,Material installation,2026-10-24,Synthetic Project Site 0158,false,,not_requested,,0,,false,0,0,false,account.owner.058@example.com,sales.manager@example.com,supply.planner@example.com,qualification.reviewer@example.com,false,2026-10-02,,,,,,PROFILE-CON-058,CONSENT-CON-058,granted
REC-CON-0159,COMMIT-CON-0159,RISK-CON-0159,ACC-CON-059,Synthetic Construction Partner 059,Synthetic School Renovation 159,PROD-CON-06,Synthetic Interior Board B,FAMILY-PLASTERBOARD,m2,EUR,130,4030,0,130,14,1820,1820,standard,2026-10-10,CONSTRAINT-CON-06,POOL-CON-06,true,false,synthetic,true,proposal,19,INV-CON-06,Material installation,2026-10-11,Synthetic Project Site 0159,false,,not_requested,,0,,false,0,130,false,account.owner.059@example.com,sales.manager@example.com,supply.planner@example.com,qualification.reviewer@example.com,false,2026-10-02,,,,,,PROFILE-CON-059,CONSENT-CON-059,granted
REC-CON-0160,COMMIT-CON-0160,RISK-CON-0160,ACC-CON-060,Synthetic Construction Partner 060,Synthetic Apartments 160,PROD-CON-07,Synthetic Ceiling Board C,FAMILY-PLASTERBOARD,m2,EUR,370,5258,370,0,16,5920,0,strategic,2026-11-03,CONSTRAINT-CON-07,POOL-CON-07,true,false,synthetic,true,proposal,15,INV-CON-07,Material installation,2026-11-04,Synthetic Project Site 0160,false,,not_requested,,0,,false,0,0,false,account.owner.060@example.com,sales.manager@example.com,supply.planner@example.com,qualification.reviewer@example.com,false,2026-10-02,,,,,,PROFILE-CON-060,CONSENT-CON-060,denied
REC-CON-0161,COMMIT-CON-0161,RISK-CON-0161,ACC-CON-061,Synthetic Construction Partner 061,Synthetic Office Refurbishment 161,PROD-CON-08,Synthetic Partition Board D,FAMILY-PLASTERBOARD,m2,EUR,120,4335,120,0,17,2040,0,strategic,2026-10-08,CONSTRAINT-CON-08,POOL-CON-08,true,false,synthetic,true,proposal,9,INV-CON-08,Material installation,2026-10-09,Synthetic Project Site 0161,false,,not_requested,,0,,false,0,0,false,account.owner.061@example.com,sales.manager@example.com,supply.planner@example.com,qualification.reviewer@example.com,false,2026-10-02,,,,,,PROFILE-CON-061,CONSENT-CON-061,granted
REC-CON-0162,COMMIT-CON-0162,RISK-CON-0162,ACC-CON-062,Synthetic Construction Partner 062,Synthetic School Renovation 162,PROD-CON-10,Synthetic Window Assembly B,FAMILY-WINDOWS,unit,EUR,18,378,18,0,450,8100,0,strategic,2026-10-28,CONSTRAINT-CON-10,POOL-CON-10,true,false,synthetic,true,proposal,12,INV-CON-10,Material installation,2026-10-29,Synthetic Project Site 0162,false,,not_requested,,0,,false,0,0,false,account.owner.062@example.com,sales.manager@example.com,supply.planner@example.com,qualification.reviewer@example.com,false,2026-10-02,,,,,,PROFILE-CON-062,CONSENT-CON-062,granted
REC-CON-0163,COMMIT-CON-0163,RISK-CON-0163,ACC-CON-063,Synthetic Construction Partner 063,Synthetic Apartments 163,PROD-CON-11,Synthetic Window Assembly C,FAMILY-WINDOWS,unit,EUR,20,432,7,13,500,10000,6500,strategic,2026-10-31,CONSTRAINT-CON-11,POOL-CON-11,true,false,synthetic,true,proposal,16,INV-CON-11,Material installation,2026-11-01,Synthetic Project Site 0163,false,,not_requested,,0,,false,0,13,false,account.owner.063@example.com,sales.manager@example.com,supply.planner@example.com,qualification.reviewer@example.com,false,2026-10-02,,,,,,PROFILE-CON-063,CONSENT-CON-063,granted
REC-CON-0164,COMMIT-CON-0164,RISK-CON-0164,ACC-CON-064,Synthetic Construction Partner 064,Synthetic Office Refurbishment 164,PROD-CON-12,Synthetic Window Assembly D,FAMILY-WINDOWS,unit,EUR,45,420,44,1,550,24750,550,strategic,2026-10-30,CONSTRAINT-CON-12,POOL-CON-12,true,false,synthetic,true,proposal,14,INV-CON-12,Material installation,2026-10-31,Synthetic Project Site 0164,false,,not_requested,,0,,false,0,1,false,account.owner.064@example.com,sales.manager@example.com,supply.planner@example.com,qualification.reviewer@example.com,false,2026-10-02,,,,,,PROFILE-CON-064,CONSENT-CON-064,granted
REC-CON-0165,COMMIT-CON-0165,RISK-CON-0165,ACC-CON-065,Synthetic Construction Partner 065,Synthetic School Renovation 165,PROD-CON-03,Synthetic Floor Insulation C,FAMILY-INSULATION,m2,EUR,450,5115,450,0,24,10800,0,contractual,2026-10-08,CONSTRAINT-CON-03,POOL-CON-03,true,false,synthetic,true,proposal,2,INV-CON-03,Material installation,2026-10-09,Synthetic Project Site 0165,false,,not_requested,,0,,false,0,0,false,account.owner.065@example.com,sales.manager@example.com,supply.planner@example.com,qualification.reviewer@example.com,false,2026-10-02,,,,,,PROFILE-CON-065,CONSENT-CON-065,granted
REC-CON-0166,COMMIT-CON-0166,RISK-CON-0166,ACC-CON-066,Synthetic Construction Partner 066,Synthetic Apartments 166,PROD-CON-04,Synthetic Roof Insulation D,FAMILY-INSULATION,m2,EUR,140,4998,0,140,28,3920,3920,standard,2026-11-05,CONSTRAINT-CON-04,POOL-CON-04,true,false,synthetic,true,proposal,24,INV-CON-04,Material installation,2026-11-06,Synthetic Project Site 0166,false,,not_requested,,0,,false,0,140,false,account.owner.066@example.com,sales.manager@example.com,supply.planner@example.com,qualification.reviewer@example.com,false,2026-10-02,,,,,,PROFILE-CON-066,CONSENT-CON-066,granted
REC-CON-0167,COMMIT-CON-0167,RISK-CON-0167,ACC-CON-067,Synthetic Construction Partner 067,Synthetic Office Refurbishment 167,PROD-CON-06,Synthetic Interior Board B,FAMILY-PLASTERBOARD,m2,EUR,190,4030,190,0,14,2660,0,contractual,2026-10-25,CONSTRAINT-CON-06,POOL-CON-06,true,false,synthetic,true,proposal,5,INV-CON-06,Material installation,2026-10-26,Synthetic Project Site 0167,false,,not_requested,,0,,false,0,0,false,account.owner.067@example.com,sales.manager@example.com,supply.planner@example.com,qualification.reviewer@example.com,false,2026-10-02,,,,,,PROFILE-CON-067,CONSENT-CON-067,granted
REC-CON-0168,COMMIT-CON-0168,RISK-CON-0168,ACC-CON-068,Synthetic Construction Partner 068,Synthetic School Renovation 168,PROD-CON-07,Synthetic Ceiling Board C,FAMILY-PLASTERBOARD,m2,EUR,330,5258,0,330,16,5280,5280,standard,2026-10-26,CONSTRAINT-CON-07,POOL-CON-07,true,false,synthetic,true,proposal,23,INV-CON-07,Material installation,2026-10-27,Synthetic Project Site 0168,false,,not_requested,,0,,false,0,330,false,account.owner.068@example.com,sales.manager@example.com,supply.planner@example.com,qualification.reviewer@example.com,false,2026-10-02,,,,,,PROFILE-CON-068,CONSENT-CON-068,granted
REC-CON-0169,COMMIT-CON-0169,RISK-CON-0169,ACC-CON-069,Synthetic Construction Partner 069,Synthetic Apartments 169,PROD-CON-08,Synthetic Partition Board D,FAMILY-PLASTERBOARD,m2,EUR,190,4335,190,0,17,3230,0,contractual,2026-10-21,CONSTRAINT-CON-08,POOL-CON-08,true,false,synthetic,true,proposal,5,INV-CON-08,Material installation,2026-10-22,Synthetic Project Site 0169,false,,not_requested,,0,,false,0,0,false,account.owner.069@example.com,sales.manager@example.com,supply.planner@example.com,qualification.reviewer@example.com,false,2026-10-02,,,,,,PROFILE-CON-069,CONSENT-CON-069,granted
REC-CON-0170,COMMIT-CON-0170,RISK-CON-0170,ACC-CON-070,Synthetic Construction Partner 070,Synthetic Office Refurbishment 170,PROD-CON-10,Synthetic Window Assembly B,FAMILY-WINDOWS,unit,EUR,12,378,12,0,450,5400,0,strategic,2026-10-17,CONSTRAINT-CON-10,POOL-CON-10,true,false,synthetic,true,proposal,11,INV-CON-10,Material installation,2026-10-18,Synthetic Project Site 0170,false,,not_requested,,0,,false,0,0,false,account.owner.070@example.com,sales.manager@example.com,supply.planner@example.com,qualification.reviewer@example.com,false,2026-10-02,,,,,,PROFILE-CON-070,CONSENT-CON-070,denied
REC-CON-0171,COMMIT-CON-0171,RISK-CON-0171,ACC-CON-071,Synthetic Construction Partner 071,Synthetic School Renovation 171,PROD-CON-11,Synthetic Window Assembly C,FAMILY-WINDOWS,unit,EUR,12,432,0,12,500,6000,6000,strategic,2026-11-05,CONSTRAINT-CON-11,POOL-CON-11,true,false,synthetic,true,proposal,18,INV-CON-11,Material installation,2026-11-06,Synthetic Project Site 0171,false,,not_requested,,0,,false,0,12,false,account.owner.071@example.com,sales.manager@example.com,supply.planner@example.com,qualification.reviewer@example.com,false,2026-10-02,,,,,,PROFILE-CON-071,CONSENT-CON-071,granted
REC-CON-0172,COMMIT-CON-0172,RISK-CON-0172,ACC-CON-072,Synthetic Construction Partner 072,Synthetic Apartments 172,PROD-CON-12,Synthetic Window Assembly D,FAMILY-WINDOWS,unit,EUR,23,420,23,0,550,12650,0,contractual,2026-10-29,CONSTRAINT-CON-12,POOL-CON-12,true,false,synthetic,true,proposal,6,INV-CON-12,Material installation,2026-10-30,Synthetic Project Site 0172,false,,not_requested,,0,,false,0,0,false,account.owner.072@example.com,sales.manager@example.com,supply.planner@example.com,qualification.reviewer@example.com,false,2026-10-02,,,,,,PROFILE-CON-072,CONSENT-CON-072,granted
REC-CON-0173,COMMIT-CON-0173,RISK-CON-0173,ACC-CON-073,Synthetic Construction Partner 073,Synthetic Office Refurbishment 173,PROD-CON-03,Synthetic Floor Insulation C,FAMILY-INSULATION,m2,EUR,160,5115,0,160,24,3840,3840,standard,2026-10-19,CONSTRAINT-CON-03,POOL-CON-03,true,false,synthetic,true,proposal,19,INV-CON-03,Material installation,2026-10-20,Synthetic Project Site 0173,false,,not_requested,,0,,false,0,160,false,account.owner.073@example.com,sales.manager@example.com,supply.planner@example.com,qualification.reviewer@example.com,false,2026-10-02,,,,,,PROFILE-CON-073,CONSENT-CON-073,granted
REC-CON-0174,COMMIT-CON-0174,RISK-CON-0174,ACC-CON-074,Synthetic Construction Partner 074,Synthetic School Renovation 174,PROD-CON-04,Synthetic Roof Insulation D,FAMILY-INSULATION,m2,EUR,360,4998,0,360,28,10080,10080,standard,2026-10-27,CONSTRAINT-CON-04,POOL-CON-04,true,false,synthetic,true,proposal,23,INV-CON-04,Material installation,2026-10-28,Synthetic Project Site 0174,false,,not_requested,,0,,false,0,360,false,account.owner.074@example.com,sales.manager@example.com,supply.planner@example.com,qualification.reviewer@example.com,false,2026-10-02,,,,,,PROFILE-CON-074,CONSENT-CON-074,granted
REC-CON-0175,COMMIT-CON-0175,RISK-CON-0175,ACC-CON-075,Synthetic Construction Partner 075,Synthetic Apartments 175,PROD-CON-06,Synthetic Interior Board B,FAMILY-PLASTERBOARD,m2,EUR,190,4030,190,0,14,2660,0,contractual,2026-11-06,CONSTRAINT-CON-06,POOL-CON-06,true,false,synthetic,true,proposal,11,INV-CON-06,Material installation,2026-11-07,Synthetic Project Site 0175,false,,not_requested,,0,,false,0,0,false,account.owner.075@example.com,sales.manager@example.com,supply.planner@example.com,qualification.reviewer@example.com,false,2026-10-02,,,,,,PROFILE-CON-075,CONSENT-CON-075,granted
REC-CON-0176,COMMIT-CON-0176,RISK-CON-0176,ACC-CON-076,Synthetic Construction Partner 076,Synthetic Office Refurbishment 176,PROD-CON-07,Synthetic Ceiling Board C,FAMILY-PLASTERBOARD,m2,EUR,200,5258,200,0,16,3200,0,contractual,2026-11-02,CONSTRAINT-CON-07,POOL-CON-07,true,false,synthetic,true,proposal,5,INV-CON-07,Material installation,2026-11-03,Synthetic Project Site 0176,false,,not_requested,,0,,false,0,0,false,account.owner.076@example.com,sales.manager@example.com,supply.planner@example.com,qualification.reviewer@example.com,false,2026-10-02,,,,,,PROFILE-CON-076,CONSENT-CON-076,granted
REC-CON-0177,COMMIT-CON-0177,RISK-CON-0177,ACC-CON-077,Synthetic Construction Partner 077,Synthetic School Renovation 177,PROD-CON-08,Synthetic Partition Board D,FAMILY-PLASTERBOARD,m2,EUR,360,4335,360,0,17,6120,0,contractual,2026-10-08,CONSTRAINT-CON-08,POOL-CON-08,true,false,synthetic,true,proposal,1,INV-CON-08,Material installation,2026-10-09,Synthetic Project Site 0177,false,,not_requested,,0,,false,0,0,false,account.owner.077@example.com,sales.manager@example.com,supply.planner@example.com,qualification.reviewer@example.com,false,2026-10-02,,,,,,PROFILE-CON-077,CONSENT-CON-077,granted
REC-CON-0178,COMMIT-CON-0178,RISK-CON-0178,ACC-CON-078,Synthetic Construction Partner 078,Synthetic Apartments 178,PROD-CON-10,Synthetic Window Assembly B,FAMILY-WINDOWS,unit,EUR,31,378,31,0,450,13950,0,strategic,2026-11-02,CONSTRAINT-CON-10,POOL-CON-10,true,false,synthetic,true,proposal,13,INV-CON-10,Material installation,2026-11-03,Synthetic Project Site 0178,false,,not_requested,,0,,false,0,0,false,account.owner.078@example.com,sales.manager@example.com,supply.planner@example.com,qualification.reviewer@example.com,false,2026-10-02,,,,,,PROFILE-CON-078,CONSENT-CON-078,granted
REC-CON-0179,COMMIT-CON-0179,RISK-CON-0179,ACC-CON-079,Synthetic Construction Partner 079,Synthetic Office Refurbishment 179,PROD-CON-11,Synthetic Window Assembly C,FAMILY-WINDOWS,unit,EUR,25,432,25,0,500,12500,0,contractual,2026-10-16,CONSTRAINT-CON-11,POOL-CON-11,true,false,synthetic,true,proposal,2,INV-CON-11,Material installation,2026-10-17,Synthetic Project Site 0179,false,,not_requested,,0,,false,0,0,false,account.owner.079@example.com,sales.manager@example.com,supply.planner@example.com,qualification.reviewer@example.com,false,2026-10-02,,,,,,PROFILE-CON-079,CONSENT-CON-079,granted
REC-CON-0180,COMMIT-CON-0180,RISK-CON-0180,ACC-CON-080,Synthetic Construction Partner 080,Synthetic School Renovation 180,PROD-CON-12,Synthetic Window Assembly D,FAMILY-WINDOWS,unit,EUR,16,420,16,0,550,8800,0,contractual,2026-10-20,CONSTRAINT-CON-12,POOL-CON-12,true,false,synthetic,true,proposal,5,INV-CON-12,Material installation,2026-10-21,Synthetic Project Site 0180,false,,not_requested,,0,,false,0,0,false,account.owner.080@example.com,sales.manager@example.com,supply.planner@example.com,qualification.reviewer@example.com,false,2026-10-02,,,,,,PROFILE-CON-080,CONSENT-CON-080,denied
REC-CON-0181,COMMIT-CON-0181,RISK-CON-0181,ACC-CON-081,Synthetic Construction Partner 081,Synthetic Apartments 181,PROD-CON-03,Synthetic Floor Insulation C,FAMILY-INSULATION,m2,EUR,400,5115,400,0,24,9600,0,contractual,2026-10-15,CONSTRAINT-CON-03,POOL-CON-03,true,false,synthetic,true,proposal,5,INV-CON-03,Material installation,2026-10-16,Synthetic Project Site 0181,false,,not_requested,,0,,false,0,0,false,account.owner.081@example.com,sales.manager@example.com,supply.planner@example.com,qualification.reviewer@example.com,false,2026-10-02,,,,,,PROFILE-CON-081,CONSENT-CON-081,granted
REC-CON-0182,COMMIT-CON-0182,RISK-CON-0182,ACC-CON-082,Synthetic Construction Partner 082,Synthetic Office Refurbishment 182,PROD-CON-04,Synthetic Roof Insulation D,FAMILY-INSULATION,m2,EUR,390,4998,390,0,28,10920,0,strategic,2026-10-19,CONSTRAINT-CON-04,POOL-CON-04,true,false,synthetic,true,proposal,7,INV-CON-04,Material installation,2026-10-20,Synthetic Project Site 0182,false,,not_requested,,0,,false,0,0,false,account.owner.082@example.com,sales.manager@example.com,supply.planner@example.com,qualification.reviewer@example.com,false,2026-10-02,,,,,,PROFILE-CON-082,CONSENT-CON-082,granted
REC-CON-0183,COMMIT-CON-0183,RISK-CON-0183,ACC-CON-083,Synthetic Construction Partner 083,Synthetic School Renovation 183,PROD-CON-06,Synthetic Interior Board B,FAMILY-PLASTERBOARD,m2,EUR,240,4030,240,0,14,3360,0,contractual,2026-10-15,CONSTRAINT-CON-06,POOL-CON-06,true,false,synthetic,true,proposal,4,INV-CON-06,Material installation,2026-10-16,Synthetic Project Site 0183,false,,not_requested,,0,,false,0,0,false,account.owner.083@example.com,sales.manager@example.com,supply.planner@example.com,qualification.reviewer@example.com,false,2026-10-02,,,,,,PROFILE-CON-083,CONSENT-CON-083,granted
REC-CON-0184,COMMIT-CON-0184,RISK-CON-0184,ACC-CON-084,Synthetic Construction Partner 084,Synthetic Apartments 184,PROD-CON-07,Synthetic Ceiling Board C,FAMILY-PLASTERBOARD,m2,EUR,220,5258,220,0,16,3520,0,strategic,2026-10-20,CONSTRAINT-CON-07,POOL-CON-07,true,false,synthetic,true,proposal,13,INV-CON-07,Material installation,2026-10-21,Synthetic Project Site 0184,false,,not_requested,,0,,false,0,0,false,account.owner.084@example.com,sales.manager@example.com,supply.planner@example.com,qualification.reviewer@example.com,false,2026-10-02,,,,,,PROFILE-CON-084,CONSENT-CON-084,granted
REC-CON-0185,COMMIT-CON-0185,RISK-CON-0185,ACC-CON-085,Synthetic Construction Partner 085,Synthetic Office Refurbishment 185,PROD-CON-08,Synthetic Partition Board D,FAMILY-PLASTERBOARD,m2,EUR,270,4335,270,0,17,4590,0,contractual,2026-11-04,CONSTRAINT-CON-08,POOL-CON-08,true,false,synthetic,true,proposal,8,INV-CON-08,Material installation,2026-11-05,Synthetic Project Site 0185,false,,not_requested,,0,,false,0,0,false,account.owner.085@example.com,sales.manager@example.com,supply.planner@example.com,qualification.reviewer@example.com,false,2026-10-02,,,,,,PROFILE-CON-085,CONSENT-CON-085,granted
REC-CON-0186,COMMIT-CON-0186,RISK-CON-0186,ACC-CON-086,Synthetic Construction Partner 086,Synthetic School Renovation 186,PROD-CON-10,Synthetic Window Assembly B,FAMILY-WINDOWS,unit,EUR,27,378,0,27,450,12150,12150,standard,2026-10-19,CONSTRAINT-CON-10,POOL-CON-10,true,false,synthetic,true,proposal,18,INV-CON-10,Material installation,2026-10-20,Synthetic Project Site 0186,false,,not_requested,,0,,false,0,27,false,account.owner.086@example.com,sales.manager@example.com,supply.planner@example.com,qualification.reviewer@example.com,false,2026-10-02,,,,,,PROFILE-CON-086,CONSENT-CON-086,granted
REC-CON-0187,COMMIT-CON-0187,RISK-CON-0187,ACC-CON-087,Synthetic Construction Partner 087,Synthetic Apartments 187,PROD-CON-11,Synthetic Window Assembly C,FAMILY-WINDOWS,unit,EUR,42,432,0,42,500,21000,21000,standard,2026-10-20,CONSTRAINT-CON-11,POOL-CON-11,true,false,synthetic,true,proposal,22,INV-CON-11,Material installation,2026-10-21,Synthetic Project Site 0187,false,,not_requested,,0,,false,0,42,false,account.owner.087@example.com,sales.manager@example.com,supply.planner@example.com,qualification.reviewer@example.com,false,2026-10-02,,,,,,PROFILE-CON-087,CONSENT-CON-087,granted
REC-CON-0188,COMMIT-CON-0188,RISK-CON-0188,ACC-CON-088,Synthetic Construction Partner 088,Synthetic Office Refurbishment 188,PROD-CON-12,Synthetic Window Assembly D,FAMILY-WINDOWS,unit,EUR,44,420,44,0,550,24200,0,contractual,2026-10-18,CONSTRAINT-CON-12,POOL-CON-12,true,false,synthetic,true,proposal,3,INV-CON-12,Material installation,2026-10-19,Synthetic Project Site 0188,false,,not_requested,,0,,false,0,0,false,account.owner.088@example.com,sales.manager@example.com,supply.planner@example.com,qualification.reviewer@example.com,false,2026-10-02,,,,,,PROFILE-CON-088,CONSENT-CON-088,granted
REC-CON-0189,COMMIT-CON-0189,RISK-CON-0189,ACC-CON-089,Synthetic Construction Partner 089,Synthetic School Renovation 189,PROD-CON-03,Synthetic Floor Insulation C,FAMILY-INSULATION,m2,EUR,170,5115,55,115,24,4080,2760,strategic,2026-11-05,CONSTRAINT-CON-03,POOL-CON-03,true,false,synthetic,true,proposal,15,INV-CON-03,Material installation,2026-11-06,Synthetic Project Site 0189,false,,not_requested,,0,,false,0,115,false,account.owner.089@example.com,sales.manager@example.com,supply.planner@example.com,qualification.reviewer@example.com,false,2026-10-02,,,,,,PROFILE-CON-089,CONSENT-CON-089,granted
REC-CON-0190,COMMIT-CON-0190,RISK-CON-0190,ACC-CON-090,Synthetic Construction Partner 090,Synthetic Apartments 190,PROD-CON-04,Synthetic Roof Insulation D,FAMILY-INSULATION,m2,EUR,210,4998,210,0,28,5880,0,strategic,2026-10-26,CONSTRAINT-CON-04,POOL-CON-04,true,false,synthetic,true,proposal,12,INV-CON-04,Material installation,2026-10-27,Synthetic Project Site 0190,false,,not_requested,,0,,false,0,0,false,account.owner.090@example.com,sales.manager@example.com,supply.planner@example.com,qualification.reviewer@example.com,false,2026-10-02,,,,,,PROFILE-CON-090,CONSENT-CON-090,denied
REC-CON-0191,COMMIT-CON-0191,RISK-CON-0191,ACC-CON-091,Synthetic Construction Partner 091,Synthetic Office Refurbishment 191,PROD-CON-06,Synthetic Interior Board B,FAMILY-PLASTERBOARD,m2,EUR,120,4030,0,120,14,1680,1680,standard,2026-10-11,CONSTRAINT-CON-06,POOL-CON-06,true,false,synthetic,true,proposal,20,INV-CON-06,Material installation,2026-10-12,Synthetic Project Site 0191,false,,not_requested,,0,,false,0,120,false,account.owner.091@example.com,sales.manager@example.com,supply.planner@example.com,qualification.reviewer@example.com,false,2026-10-02,,,,,,PROFILE-CON-091,CONSENT-CON-091,granted
REC-CON-0192,COMMIT-CON-0192,RISK-CON-0192,ACC-CON-092,Synthetic Construction Partner 092,Synthetic School Renovation 192,PROD-CON-07,Synthetic Ceiling Board C,FAMILY-PLASTERBOARD,m2,EUR,370,5258,0,370,16,5920,5920,standard,2026-10-19,CONSTRAINT-CON-07,POOL-CON-07,true,false,synthetic,true,proposal,20,INV-CON-07,Material installation,2026-10-20,Synthetic Project Site 0192,false,,not_requested,,0,,false,0,370,false,account.owner.092@example.com,sales.manager@example.com,supply.planner@example.com,qualification.reviewer@example.com,false,2026-10-02,,,,,,PROFILE-CON-092,CONSENT-CON-092,granted
REC-CON-0193,COMMIT-CON-0193,RISK-CON-0193,ACC-CON-093,Synthetic Construction Partner 093,Synthetic Apartments 193,PROD-CON-08,Synthetic Partition Board D,FAMILY-PLASTERBOARD,m2,EUR,300,4335,0,300,17,5100,5100,standard,2026-10-21,CONSTRAINT-CON-08,POOL-CON-08,true,false,synthetic,true,proposal,18,INV-CON-08,Material installation,2026-10-22,Synthetic Project Site 0193,false,,not_requested,,0,,false,0,300,false,account.owner.093@example.com,sales.manager@example.com,supply.planner@example.com,qualification.reviewer@example.com,false,2026-10-02,,,,,,PROFILE-CON-093,CONSENT-CON-093,granted
REC-CON-0194,COMMIT-CON-0194,RISK-CON-0194,ACC-CON-094,Synthetic Construction Partner 094,Synthetic Office Refurbishment 194,PROD-CON-10,Synthetic Window Assembly B,FAMILY-WINDOWS,unit,EUR,42,378,42,0,450,18900,0,strategic,2026-10-11,CONSTRAINT-CON-10,POOL-CON-10,true,false,synthetic,true,proposal,9,INV-CON-10,Material installation,2026-10-12,Synthetic Project Site 0194,false,,not_requested,,0,,false,0,0,false,account.owner.094@example.com,sales.manager@example.com,supply.planner@example.com,qualification.reviewer@example.com,false,2026-10-02,,,,,,PROFILE-CON-094,CONSENT-CON-094,granted
REC-CON-0195,COMMIT-CON-0195,RISK-CON-0195,ACC-CON-095,Synthetic Construction Partner 095,Synthetic School Renovation 195,PROD-CON-11,Synthetic Window Assembly C,FAMILY-WINDOWS,unit,EUR,46,432,46,0,500,23000,0,strategic,2026-10-14,CONSTRAINT-CON-11,POOL-CON-11,true,false,synthetic,true,proposal,11,INV-CON-11,Material installation,2026-10-15,Synthetic Project Site 0195,false,,not_requested,,0,,false,0,0,false,account.owner.095@example.com,sales.manager@example.com,supply.planner@example.com,qualification.reviewer@example.com,false,2026-10-02,,,,,,PROFILE-CON-095,CONSENT-CON-095,granted
REC-CON-0196,COMMIT-CON-0196,RISK-CON-0196,ACC-CON-096,Synthetic Construction Partner 096,Synthetic Apartments 196,PROD-CON-12,Synthetic Window Assembly D,FAMILY-WINDOWS,unit,EUR,12,420,0,12,550,6600,6600,strategic,2026-10-30,CONSTRAINT-CON-12,POOL-CON-12,true,false,synthetic,true,proposal,15,INV-CON-12,Material installation,2026-10-31,Synthetic Project Site 0196,false,,not_requested,,0,,false,0,12,false,account.owner.096@example.com,sales.manager@example.com,supply.planner@example.com,qualification.reviewer@example.com,false,2026-10-02,,,,,,PROFILE-CON-096,CONSENT-CON-096,granted
REC-CON-0197,COMMIT-CON-0197,RISK-CON-0197,ACC-CON-097,Synthetic Construction Partner 097,Synthetic Office Refurbishment 197,PROD-CON-03,Synthetic Floor Insulation C,FAMILY-INSULATION,m2,EUR,100,5115,0,100,24,2400,2400,standard,2026-10-24,CONSTRAINT-CON-03,POOL-CON-03,true,false,synthetic,true,proposal,20,INV-CON-03,Material installation,2026-10-25,Synthetic Project Site 0197,false,,not_requested,,0,,false,0,100,false,account.owner.097@example.com,sales.manager@example.com,supply.planner@example.com,qualification.reviewer@example.com,false,2026-10-02,,,,,,PROFILE-CON-097,CONSENT-CON-097,granted
REC-CON-0198,COMMIT-CON-0198,RISK-CON-0198,ACC-CON-098,Synthetic Construction Partner 098,Synthetic School Renovation 198,PROD-CON-04,Synthetic Roof Insulation D,FAMILY-INSULATION,m2,EUR,220,4998,220,0,28,6160,0,strategic,2026-10-19,CONSTRAINT-CON-04,POOL-CON-04,true,false,synthetic,true,proposal,8,INV-CON-04,Material installation,2026-10-20,Synthetic Project Site 0198,false,,not_requested,,0,,false,0,0,false,account.owner.098@example.com,sales.manager@example.com,supply.planner@example.com,qualification.reviewer@example.com,false,2026-10-02,,,,,,PROFILE-CON-098,CONSENT-CON-098,granted
REC-CON-0199,COMMIT-CON-0199,RISK-CON-0199,ACC-CON-099,Synthetic Construction Partner 099,Synthetic Apartments 199,PROD-CON-06,Synthetic Interior Board B,FAMILY-PLASTERBOARD,m2,EUR,140,4030,0,140,14,1960,1960,strategic,2026-10-29,CONSTRAINT-CON-06,POOL-CON-06,true,false,synthetic,true,proposal,16,INV-CON-06,Material installation,2026-10-30,Synthetic Project Site 0199,false,,not_requested,,0,,false,0,140,false,account.owner.099@example.com,sales.manager@example.com,supply.planner@example.com,qualification.reviewer@example.com,false,2026-10-02,,,,,,PROFILE-CON-099,CONSENT-CON-099,granted
REC-CON-0200,COMMIT-CON-0200,RISK-CON-0200,ACC-CON-100,Synthetic Construction Partner 100,Synthetic Office Refurbishment 200,PROD-CON-07,Synthetic Ceiling Board C,FAMILY-PLASTERBOARD,m2,EUR,490,5258,0,490,16,7840,7840,standard,2026-10-18,CONSTRAINT-CON-07,POOL-CON-07,true,false,synthetic,true,proposal,19,INV-CON-07,Material installation,2026-10-19,Synthetic Project Site 0200,false,,not_requested,,0,,false,0,490,false,account.owner.100@example.com,sales.manager@example.com,supply.planner@example.com,qualification.reviewer@example.com,false,2026-10-02,,,,,,PROFILE-CON-100,CONSENT-CON-100,denied
